path,bytes,sha256,scope
CHANGELOG.md,1466,560e80b1de2e479bd980a104fac73cd23b66708a2ad1824ab8d570653dfdecad,SAM dashboard delivery 2026-10-02
CONTRIBUTING.md,2551,56ada1e5eb7cee50965ad5c8582b56091a339222083add7438fedc8cb7e77f06,SAM dashboard delivery 2026-10-02
MuscleCore分析資料/website/.env.example,805,2c2898a1e0c81fcb55d6042f39025afcb6551fac196b93a68a2df42a1ec89810,SAM dashboard delivery 2026-10-02
MuscleCore分析資料/website/app/__init__.py,2185,ac42e41a007467e9d6b74ed45c32aa999b2753bc47c01ba17053a82d9bebf088,SAM dashboard delivery 2026-10-02
MuscleCore分析資料/website/app/admin.py,1348,6c38aadbe97dc89008209c2e901c3036f74dbfff5572940afed09edb3dd80824,SAM dashboard delivery 2026-10-02
MuscleCore分析資料/website/app/services/ai_workflows.py,9511,70bafba9725d661776b0ecbd2f6ef1471876eb10b1631ba40c130521690c00ae,SAM dashboard delivery 2026-10-02
MuscleCore分析資料/website/app/services/dashboard.py,6188,a681ed137c26f24076e1b16984405c7c3c7eadd37a2d72c31b289b9332608437,SAM dashboard delivery 2026-10-02
MuscleCore分析資料/website/app/static/css/main.css,7219,3b2752eb540706d4e0816f81ed6cb3f6b7c853b1ce5b54c1aaa6e078482a69a3,SAM dashboard delivery 2026-10-02
MuscleCore分析資料/website/app/templates/admin/dashboard.html,4702,1a73504b509c1af74d1d011c913d153e487efb779ed50aa732f4092a82a3dffb,SAM dashboard delivery 2026-10-02
MuscleCore分析資料/website/app/templates/admin/filter_error.html,313,cf387215563c7e27aeed95b833175d0d77513e8e02a5c7a4d928d74669d13cd3,SAM dashboard delivery 2026-10-02
MuscleCore分析資料/website/app/templates/admin/recommendations.html,1759,40e4cbbd862c32c25837cf17a584bf774e9097e0020e6900edab56c7fa1ec006,SAM dashboard delivery 2026-10-02
MuscleCore分析資料/website/run_v4_test.ps1,394,82bee796ec9c8adfd31bb161a423ca7001203404d9a8e9f589e6faaf35a4ed89,SAM dashboard delivery 2026-10-02
MuscleCore分析資料/website/tests/test_dashboard.py,5083,32af6c5f6d9c15f9aa376aac18b509a2ce5a1ca87adc0b120b34233f82bd9f35,SAM dashboard delivery 2026-10-02
README.md,4377,c913fc0c86a4610864e13e4ed58256e7551db2d58d12390d971f10ddde79fd4e,SAM dashboard delivery 2026-10-02
docs/AI_DASHBOARD.md,5903,18b1c5410572514502eb1b04ae1d3667f3136d32b03825939dd83d4fcf7097e6,SAM dashboard delivery 2026-10-02
docs/DOCUMENT_INDEX.md,7626,c0ccd29adcfb207cea346c351af88b253bc14170aaa67b1a45afed1580a48eb5,SAM dashboard delivery 2026-10-02
docs/FLASK_SKU_AI_INTEGRATION.md,10390,76f53857a62ff16106fca4e7863011ae3c56cd80ed0ce090883321ec86835f9f,SAM dashboard delivery 2026-10-02
docs/README.md,1782,a4dbe34e462345808ef1fd87e216295aada63e6a6edd40220670b881c9059a78,SAM dashboard delivery 2026-10-02
docs/V4_TEST_VERIFICATION.json,3900,9bfc611ebd0e0a252ab4373a0d82a6eb0be0efa5ce0a79af60d0126ab4be7a44,SAM dashboard delivery 2026-10-02
docs/分支(Branch)規劃與協作機制.md,7336,371ad8b6ee4ba58e4e863cf5e4904317e1c0015fd165048eed898186b8f7552e,SAM dashboard delivery 2026-10-02
scripts/verify_v4_test.py,9669,a4f29b2f393ce353614f0ea1fa859fdafef00c00e0252968f1986cf97df8e336,SAM dashboard delivery 2026-10-02
