source_id,name,major_category,minor_category,specification,source_price_twd,source_url,image_url
1501000200101,UNIDESIGN優質鮮乳(無調整)※實際到貨效期約4天以上,乳品與蛋品,鮮乳．調味乳,1858ml毫升 x 1 x 1Bottle瓶,145,https://online.uni-prosperity.com.tw/zh/1501000200101.html,https://online.uni-prosperity.com.tw/on/demandware.static/-/Sites-uniprosperity-tw-m-inner/default/dw71fbc966/images/large/1501000200101.jpg
1501005400101,瑞穗鮮乳-全脂1858ml※實際到貨效期約4天以上,乳品與蛋品,鮮乳．調味乳,1858ml毫升 x 1 x 1Bottle瓶,166,https://online.uni-prosperity.com.tw/zh/%E7%B5%B1%E4%B8%80/1501005400101.html,https://online.uni-prosperity.com.tw/on/demandware.static/-/Sites-uniprosperity-tw-m-inner/default/dw58d3bbdd/images/large/1501005400101_NR_00.jpg
1501000500101,義美2公升全脂鮮乳※實際到貨效期約4天以上,乳品與蛋品,鮮乳．調味乳,2000ml毫升 x 1 x 1Bottle瓶,167,https://online.uni-prosperity.com.tw/zh/%E7%BE%A9%E7%BE%8E/1501000500101.html,https://online.uni-prosperity.com.tw/on/demandware.static/-/Sites-uniprosperity-tw-m-inner/default/dw6b28a4e4/images/large/0199823_2.jpeg
1501001400101,林鳳營全脂鮮乳家庭號2728ml※實際到貨效期約4天以上,乳品與蛋品,鮮乳．調味乳,2728ml毫升 x 1 x 1Bottle瓶,252,https://online.uni-prosperity.com.tw/zh/%E5%91%B3%E5%85%A8/1501001400101.html,https://online.uni-prosperity.com.tw/on/demandware.static/-/Sites-uniprosperity-tw-m-inner/default/dw7f261f71/images/large/1501001400101-20240723.png
1501003600101,光泉鮮乳-成分無調整2720ml※實際到貨效期約4天以上,乳品與蛋品,鮮乳．調味乳,2720ml毫升 x 1 x 1Bottle瓶,252,https://online.uni-prosperity.com.tw/zh/1501003600101.html,https://online.uni-prosperity.com.tw/on/demandware.static/-/Sites-uniprosperity-tw-m-inner/default/dw8b975ec1/images/large/1501003600101_NR_00.png
1501100100101,林鳳營低脂鮮乳家庭號2728ml※實際到貨效期約4天以上,乳品與蛋品,鮮乳．調味乳,2728ml毫升 x 1 x 1Bottle瓶,252,https://online.uni-prosperity.com.tw/zh/%E5%91%B3%E5%85%A8/1501100100101.html,https://online.uni-prosperity.com.tw/on/demandware.static/-/Sites-uniprosperity-tw-m-inner/default/dw22f8466e/images/large/1501100100101-20240723.png
1501304500101,味全木瓜牛乳375ml※實際到貨效期約4天以上,乳品與蛋品,鮮乳．調味乳,375ml毫升 x 1 x 1Bottle瓶,38,https://online.uni-prosperity.com.tw/zh/%E5%91%B3%E5%85%A8/1501304500101.html,https://online.uni-prosperity.com.tw/on/demandware.static/-/Sites-uniprosperity-tw-m-inner/default/dw836140be/images/large/1501304500101.png
1501291900101,味全蘋果牛乳375ml※實際到貨效期約4天以上,乳品與蛋品,鮮乳．調味乳,375ml毫升 x 1 x 1BOTTLE瓶,38,https://online.uni-prosperity.com.tw/zh/%E5%91%B3%E5%85%A8/1501291900101.html,https://online.uni-prosperity.com.tw/on/demandware.static/-/Sites-uniprosperity-tw-m-inner/default/dw6354d650/images/large/1501291900101.png
1501302400101,【調味乳】福樂巧克力牛乳 275ml※實際到貨效期約4天以上,乳品與蛋品,鮮乳．調味乳,275ml毫升 x 1 x 1Bottle瓶,30,https://online.uni-prosperity.com.tw/zh/%E7%A6%8F%E6%A8%82/1501302400101.html,https://online.uni-prosperity.com.tw/on/demandware.static/-/Sites-uniprosperity-tw-m-inner/default/dwacc4c60c/images/large/0014948_-275ml.jpeg
1501100400101,瑞穗鮮乳-低脂1858ml※實際到貨效期約4天以上,乳品與蛋品,鮮乳．調味乳,1858ml毫升 x 1 x 1Bottle瓶,166,https://online.uni-prosperity.com.tw/zh/%E7%B5%B1%E4%B8%80/1501100400101.html,https://online.uni-prosperity.com.tw/on/demandware.static/-/Sites-uniprosperity-tw-m-inner/default/dwd461f9e2/images/large/1501100400101_NR_00.jpg
1501589300101,福樂鈣多多低脂健康牛乳-1892ml※實際到貨效期約4天以上,乳品與蛋品,鮮乳．調味乳,1830ml毫升 x 1 x 1Bottle瓶,129,https://online.uni-prosperity.com.tw/zh/%E7%A6%8F%E6%A8%82/1501589300101.html,https://online.uni-prosperity.com.tw/on/demandware.static/-/Sites-uniprosperity-tw-m-inner/default/dwd5475e81/images/large/1501589300101-202503.jpg
1501003100101,福樂一番鮮全脂鮮乳936ml※實際到貨效期約4天以上,乳品與蛋品,鮮乳．調味乳,936ml毫升 x 1 x 1Bottle瓶,80,https://online.uni-prosperity.com.tw/zh/%E7%A6%8F%E6%A8%82/1501003100101.html,https://online.uni-prosperity.com.tw/on/demandware.static/-/Sites-uniprosperity-tw-m-inner/default/dwd3981cae/images/large/1501003100101-202311.png
1501003300101,光泉100%純全脂鮮乳(無調整)936ml※實際到貨效期約4天以上,乳品與蛋品,鮮乳．調味乳,936ml毫升 x 1 x 1Bottle瓶,88,https://online.uni-prosperity.com.tw/zh/%E5%85%89%E6%B3%89/1501003300101.html,https://online.uni-prosperity.com.tw/on/demandware.static/-/Sites-uniprosperity-tw-m-inner/default/dw8afd9435/images/large/1501003300101_NR_00.png
1501002300101,光泉100％純鮮乳(無調整)1857ml※實際到貨效期約4天以上,乳品與蛋品,鮮乳．調味乳,1857ml毫升 x 1 x 1Bottle瓶,175,https://online.uni-prosperity.com.tw/zh/%E5%85%89%E6%B3%89/1501002300101.html,https://online.uni-prosperity.com.tw/on/demandware.static/-/Sites-uniprosperity-tw-m-inner/default/dwaedb8b90/images/large/1501002300101-202605.jpg
1500004000101,統一AB無加糖優酪乳1830ml※實際到貨效期約4天以上,乳品與蛋品,優酪乳．優格,1830ml毫升 x 1 x 1Bottle瓶,129,https://online.uni-prosperity.com.tw/zh/%E7%B5%B1%E4%B8%80/1500004000101.html,https://online.uni-prosperity.com.tw/on/demandware.static/-/Sites-uniprosperity-tw-m-inner/default/dw4eefdff7/images/large/1500004000101-202411.jpg
1500303000102,植物之優優格-草本蘆薈(每瓶約200g/2入)※實際到貨效期約4天以上,乳品與蛋品,優酪乳．優格,200g克 x 1 x 2Bottle瓶,62,https://online.uni-prosperity.com.tw/zh/%E6%AF%94%E8%8F%B2%E5%A4%9A/1500303000102.html,https://online.uni-prosperity.com.tw/on/demandware.static/-/Sites-uniprosperity-tw-m-inner/default/dw826d1daf/images/large/1500303000102-202608.jpg
1500300400102,植物之優優格-水蜜桃(每瓶約200g/2入)※實際到貨效期約4天以上,乳品與蛋品,優酪乳．優格,200g克 x 1 x 2Bottle瓶,62,https://online.uni-prosperity.com.tw/zh/%E6%AF%94%E8%8F%B2%E5%A4%9A/1500300400102.html,https://online.uni-prosperity.com.tw/on/demandware.static/-/Sites-uniprosperity-tw-m-inner/default/dwf6bcfd9d/images/large/1500300400102-202608.jpg
1500100900101,福樂自然零蔓越莓優酪乳920ml※實際到貨效期約4天以上,乳品與蛋品,優酪乳．優格,920ml毫升 x 1 x 1Bottle瓶,69,https://online.uni-prosperity.com.tw/zh/%E7%A6%8F%E6%A8%82/1500100900101.html,https://online.uni-prosperity.com.tw/on/demandware.static/-/Sites-uniprosperity-tw-m-inner/default/dw09f30f2e/images/large/0198799_920ml.jpeg
1500005600101,LP33機能優酪乳1830ml※實際到貨效期約4天以上,乳品與蛋品,優酪乳．優格,1830ml毫升 x 1 x 1Bottle瓶,127,https://online.uni-prosperity.com.tw/zh/lp33%E6%A9%9F%E8%83%BD%E5%84%AA%E9%85%AA%E4%B9%B3/1500005600101.html,https://online.uni-prosperity.com.tw/on/demandware.static/-/Sites-uniprosperity-tw-m-inner/default/dw6c69323d/images/large/1500005600101_NR_00.jpg
1500314200102,大粒果實雙莓蘆薈優格※實際到貨效期約4天以上,乳品與蛋品,優酪乳．優格,200g克 x 1 x 2PC個,62,https://online.uni-prosperity.com.tw/zh/1500314200102.html,https://online.uni-prosperity.com.tw/on/demandware.static/-/Sites-uniprosperity-tw-m-inner/default/dwe13fc138/images/large/1500314200102.jpg
1500489900110,養樂多300Light發酵乳※實際到貨效期約4天以上,乳品與蛋品,優酪乳．優格,100ml毫升 x 1 x 10Bottle瓶,89,https://online.uni-prosperity.com.tw/zh/%E9%A4%8A%E6%A8%82%E5%A4%9A/1500489900110.html,https://online.uni-prosperity.com.tw/on/demandware.static/-/Sites-uniprosperity-tw-m-inner/default/dw2b24de7c/images/large/1500489900110-202608.jpg
1500400400101,比菲多稀釋活性發酵乳(減糖原味)1795ml※實際到貨效期約4天以上,乳品與蛋品,優酪乳．優格,1795ml毫升 x 1 x 1Bottle瓶,79,https://online.uni-prosperity.com.tw/zh/1500400400101.html,https://online.uni-prosperity.com.tw/on/demandware.static/-/Sites-uniprosperity-tw-m-inner/default/dwf7d3884e/images/large/1500400400101.jpg
1500003700101,統一AB無加糖優酪乳902ml※實際到貨效期約4天以上,乳品與蛋品,優酪乳．優格,902ml毫升 x 1 x 1Bottle瓶,72,https://online.uni-prosperity.com.tw/zh/%E7%B5%B1%E4%B8%80/1500003700101.html,https://online.uni-prosperity.com.tw/on/demandware.static/-/Sites-uniprosperity-tw-m-inner/default/dwa4eb2438/images/large/1500003700101-202411.jpg
1500101800101,林鳳營益生菌優酪乳(草莓)880ml※實際到貨效期約4天以上,乳品與蛋品,優酪乳．優格,880ml毫升 x 1 x 1BOTTLE瓶,71,https://online.uni-prosperity.com.tw/zh/%E6%9E%97%E9%B3%B3%E7%87%9F/1500101800101.html,https://online.uni-prosperity.com.tw/on/demandware.static/-/Sites-uniprosperity-tw-m-inner/default/dwae9b18a3/images/large/1500101800101-202309.png
1500400800101,LCA506活菌發酵乳Light-1750ml※實際到貨效期約4天以上,乳品與蛋品,優酪乳．優格,1750ml毫升 x 1 x 1Bottle瓶,87,https://online.uni-prosperity.com.tw/zh/%E5%91%B3%E5%85%A8/1500400800101.html,https://online.uni-prosperity.com.tw/on/demandware.static/-/Sites-uniprosperity-tw-m-inner/default/dwf43000e6/images/large/1500400800101-202309.png
1500404900101,比菲多發酵乳-原味-1177ml※實際到貨效期約4天以上,乳品與蛋品,優酪乳．優格,1177ml毫升 x 1 x 1Bottle瓶,55,https://online.uni-prosperity.com.tw/zh/%E6%AF%94%E8%8F%B2%E5%A4%9A/1500404900101.html,https://online.uni-prosperity.com.tw/on/demandware.static/-/Sites-uniprosperity-tw-m-inner/default/dwf31eb1d1/images/large/0254107_-.jpeg
1500304000104,福樂自然零藍莓優格※實際到貨效期約4天以上,乳品與蛋品,優酪乳．優格,100g克 x 1 x 4Bottle瓶,62,https://online.uni-prosperity.com.tw/zh/%E7%A6%8F%E6%A8%82/1500304000104.html,https://online.uni-prosperity.com.tw/on/demandware.static/-/Sites-uniprosperity-tw-m-inner/default/dwd4f5ee5c/images/large/1500304000104-202309.png
1500306400102,植物之優優格-芒果蜜桃(每瓶約200g/2入)※實際到貨效期約4天以上,乳品與蛋品,優酪乳．優格,200g克 x 1 x 2PC個,62,https://online.uni-prosperity.com.tw/zh/%E6%AF%94%E8%8F%B2%E5%A4%9A/1500306400102.html,https://online.uni-prosperity.com.tw/on/demandware.static/-/Sites-uniprosperity-tw-m-inner/default/dwddd30395/images/large/1500306400102-202608.jpg
1507006300101,UNIDESIGN嚴選非籠飼放牧蛋(冷藏6入),乳品與蛋品,雞蛋．豆製品,300g克 x 1 x 1BOX盒,89,https://online.uni-prosperity.com.tw/zh/1507006300101.html,https://online.uni-prosperity.com.tw/on/demandware.static/-/Sites-uniprosperity-tw-m-inner/default/dw8d86dadf/images/large/1507006300101.jpg
1507005100101,統一元氣御選臻赤卵(非籠飼冷藏),乳品與蛋品,雞蛋．豆製品,600g克 x 1 x 1BOX盒,199,https://online.uni-prosperity.com.tw/zh/1507005100101.html,https://online.uni-prosperity.com.tw/on/demandware.static/-/Sites-uniprosperity-tw-m-inner/default/dw849cd015/images/large/1507005100101.jpg
1507009500101,蛋黃香人道雞蛋(平飼冷藏)  每盒15入,乳品與蛋品,雞蛋．豆製品,810g克 x 1 x 1BOX盒,238,https://online.uni-prosperity.com.tw/zh/%E5%8B%A4%E5%84%84%E8%9B%8B%E5%93%81/1507009500101.html,https://online.uni-prosperity.com.tw/on/demandware.static/-/Sites-uniprosperity-tw-m-inner/default/dwb74a72f2/images/large/1507009500101-20250218.jpg
1507006000101,【非籠飼】貞馨動福蛋非籠飼冷藏10入,乳品與蛋品,雞蛋．豆製品,570g克 x 1 x 1BOX盒,135,https://online.uni-prosperity.com.tw/zh/%E7%9C%9F%E9%A6%A8%E5%8B%95%E7%A6%8F%E8%9B%8B/1507006000101.html,https://online.uni-prosperity.com.tw/on/demandware.static/-/Sites-uniprosperity-tw-m-inner/default/dw198fb1f2/images/large/1507006000101-202511.jpg
1507007300101,【非籠飼】茂林伊利蛋非籠飼(冷藏) 10入,乳品與蛋品,雞蛋．豆製品,550g克 x 1 x 1BOX盒,140,https://online.uni-prosperity.com.tw/zh/%E8%8C%82%E6%9E%97%E7%95%9C%E7%89%A7%E5%A0%B4/1507007300101.html,https://online.uni-prosperity.com.tw/on/demandware.static/-/Sites-uniprosperity-tw-m-inner/default/dw0fc444c0/images/large/1507007300101-202511.jpg
1507000300101,大成散步雞(非籠飼冷藏),乳品與蛋品,雞蛋．豆製品,540g克 x 1 x 1BOX盒,129,https://online.uni-prosperity.com.tw/zh/1507000300101.html,https://online.uni-prosperity.com.tw/on/demandware.static/-/Sites-uniprosperity-tw-m-inner/default/dw17b08482/images/large/1507000300101-202511.jpg
1507007400101,【非籠飼】御品園土雞蛋(放牧冷藏) 400g,乳品與蛋品,雞蛋．豆製品,400g克 x 1 x 1BOX盒,130,https://online.uni-prosperity.com.tw/zh/%E5%BE%A1%E5%93%81%E5%9C%92/1507007400101.html,https://online.uni-prosperity.com.tw/on/demandware.static/-/Sites-uniprosperity-tw-m-inner/default/dw14192941/images/large/1507007400101-202511.jpg
1507009600101,蛋黃香人道雞蛋8入(非籠飼冷藏),乳品與蛋品,雞蛋．豆製品,336g克 x 1 x 1BOX盒,122,https://online.uni-prosperity.com.tw/zh/1507009600101.html,https://online.uni-prosperity.com.tw/on/demandware.static/-/Sites-uniprosperity-tw-m-inner/default/dw55825a43/images/large/1507009600101.png
1507003600101,大武山牧場非籠飼養白殼蛋(非籠飼冷藏),乳品與蛋品,雞蛋．豆製品,550g克 x 1 x 1BOX盒,140,https://online.uni-prosperity.com.tw/zh/1507003600101.html,https://online.uni-prosperity.com.tw/on/demandware.static/-/Sites-uniprosperity-tw-m-inner/default/dw0a1b4609/images/large/1507003600101.png
1507001000101,大武山牧場非籠飼養紅殼蛋(非籠飼冷藏),乳品與蛋品,雞蛋．豆製品,550g克 x 1 x 1BOX盒,140,https://online.uni-prosperity.com.tw/zh/1507001000101.html,https://online.uni-prosperity.com.tw/on/demandware.static/-/Sites-uniprosperity-tw-m-inner/default/dw8b1f93ba/images/large/1507001000101-202512.jpg
1507099900101,大鳴堂平飼紅殼卵(非籠飼冷藏),乳品與蛋品,雞蛋．豆製品,570g克 x 1 x 1BOX盒,129,https://online.uni-prosperity.com.tw/zh/1507099900101.html,https://online.uni-prosperity.com.tw/on/demandware.static/-/Sites-uniprosperity-tw-m-inner/default/dw33c81145/images/large/1507099900101.jpg
1507006200101,快樂腳神氣放牧蛋-非籠飼冷藏(每盒6顆),乳品與蛋品,雞蛋．豆製品,330g克 x 1 x 1BOX盒,109,https://online.uni-prosperity.com.tw/zh/1507006200101.html,https://online.uni-prosperity.com.tw/on/demandware.static/-/Sites-uniprosperity-tw-m-inner/default/dwf37dcca7/images/large/1507006200101.jpg
1507003400101,【非籠飼】鮮活走地蛋非籠飼冷藏10入,乳品與蛋品,雞蛋．豆製品,570g克 x 1 x 1BOX盒,130,https://online.uni-prosperity.com.tw/zh/%E9%AE%AE%E6%B4%BB%E8%B5%B0%E5%9C%B0%E8%9B%8B/1507003400101.html,https://online.uni-prosperity.com.tw/on/demandware.static/-/Sites-uniprosperity-tw-m-inner/default/dw9de1c654/images/large/1507003400101_NR_00.jpg
1507007200101,【非籠飼】一顆好蛋非籠飼冷藏10入,乳品與蛋品,雞蛋．豆製品,570g克 x 1 x 1BOX盒,135,https://online.uni-prosperity.com.tw/zh/%E4%B8%80%E9%A1%86%E5%A5%BD%E8%9B%8B/1507007200101.html,https://online.uni-prosperity.com.tw/on/demandware.static/-/Sites-uniprosperity-tw-m-inner/default/dw30099b19/images/large/1507007200101-202511.jpg
1525200800101,義美瓜仔雞肉水餃(每包約972g),冷凍與冷藏食品,水餃 麵食,972g克 x 1 x 1Pack包,155,https://online.uni-prosperity.com.tw/zh/%E7%BE%A9%E7%BE%8E/1525200800101.html,https://online.uni-prosperity.com.tw/on/demandware.static/-/Sites-uniprosperity-tw-m-inner/default/dw3c09f034/images/large/0071101.jpeg
1525295100101,及第冷凍小籠湯包150g,冷凍與冷藏食品,水餃 麵食,150g克 x 1 x 1BOX盒,49,https://online.uni-prosperity.com.tw/zh/%E7%B5%B1%E4%B8%80/1525295100101.html,https://online.uni-prosperity.com.tw/on/demandware.static/-/Sites-uniprosperity-tw-m-inner/default/dw3d725429/images/large/1525295100101_NR_00.jpg
1525194300101,義美家常豬肉韭菜水餃,冷凍與冷藏食品,水餃 麵食,900g克 x 1 x 1Bag包,160,https://online.uni-prosperity.com.tw/zh/%E7%BE%A9%E7%BE%8E/1525194300101.html,https://online.uni-prosperity.com.tw/on/demandware.static/-/Sites-uniprosperity-tw-m-inner/default/dwbbebcd8f/images/large/1525194300101-202510.jpg
1525195700101,UNIDESIGN冷凍韭菜水餃,冷凍與冷藏食品,水餃 麵食,910g克 x 1 x 1BOX盒,59,https://online.uni-prosperity.com.tw/zh/1525195700101.html,https://online.uni-prosperity.com.tw/on/demandware.static/-/Sites-uniprosperity-tw-m-inner/default/dw53bcf872/images/large/1525195700101.jpg
1525100200101,蔥阿伯優選水餃韭菜豬肉,冷凍與冷藏食品,水餃 麵食,800g克 x 1 x 1PACK包,210,https://online.uni-prosperity.com.tw/zh/1525100200101.html,https://online.uni-prosperity.com.tw/on/demandware.static/-/Sites-uniprosperity-tw-m-inner/default/dw028aa054/images/large/1525100200101.jpg
1526003400101,義美家常餛飩,冷凍與冷藏食品,水餃 麵食,150g克 x 1 x 1BOX盒,59,https://online.uni-prosperity.com.tw/zh/%E7%BE%A9%E7%BE%8E/1526003400101.html,https://online.uni-prosperity.com.tw/on/demandware.static/-/Sites-uniprosperity-tw-m-inner/default/dwbfaa4959/images/large/1526003400101.jpg
1525000100101,UNIDESIGN冷凍高麗菜水餃,冷凍與冷藏食品,水餃 麵食,910g克 x 1 x 1BOX盒,59,https://online.uni-prosperity.com.tw/zh/1525000100101.html,https://online.uni-prosperity.com.tw/on/demandware.static/-/Sites-uniprosperity-tw-m-inner/default/dwc9176b60/images/large/1525000100101.jpg
1525202100101,般若素鍋貼(全素)-930g,冷凍與冷藏食品,水餃 麵食,930g克 x 1 x 1Pack包,145,https://online.uni-prosperity.com.tw/zh/1525202100101.html,https://online.uni-prosperity.com.tw/on/demandware.static/-/Sites-uniprosperity-tw-m-inner/default/dwecaea5cd/images/large/0024953.jpeg
1525094300101,義美家常豬肉高麗菜水餃(約50顆),冷凍與冷藏食品,水餃 麵食,900g克 x 1 x 1Bag包,160,https://online.uni-prosperity.com.tw/zh/%E7%BE%A9%E7%BE%8E/1525094300101.html,https://online.uni-prosperity.com.tw/on/demandware.static/-/Sites-uniprosperity-tw-m-inner/default/dwb1b76293/images/large/1525094300101-202510-.jpg
1512000200101,手打式宇龍麵 250g*3,冷凍與冷藏食品,水餃 麵食,250g克 x 3 x 1Set組,59,https://online.uni-prosperity.com.tw/zh/1512000200101.html,https://online.uni-prosperity.com.tw/on/demandware.static/-/Sites-uniprosperity-tw-m-inner/default/dwf0b31b11/images/large/0117640_250-gx-3.jpeg
1525003600101,冷凍奇美鮮肉熟水餃,冷凍與冷藏食品,水餃 麵食,850g克 x 1 x 1Bag包,109,https://online.uni-prosperity.com.tw/zh/%E5%A5%87%E7%BE%8E/1525003600101.html,https://online.uni-prosperity.com.tw/on/demandware.static/-/Sites-uniprosperity-tw-m-inner/default/dwff3528a9/images/large/1525003600101_NR_00.jpg
1525294500101,新東陽玉米手工捏花水餃(每包約660g),冷凍與冷藏食品,水餃 麵食,660g克 x 1 x 1Bag包,189,https://online.uni-prosperity.com.tw/zh/%E6%96%B0%E6%9D%B1%E9%99%BD/1525294500101.html,https://online.uni-prosperity.com.tw/on/demandware.static/-/Sites-uniprosperity-tw-m-inner/default/dwb91637e6/images/large/1525294500101 .jpg
1525007200101,首爾夜-泡菜水餃(使用宗家府泡菜),冷凍與冷藏食品,水餃 麵食,800g克 x 1 x 1PC包,249,https://online.uni-prosperity.com.tw/zh/1525007200101.html,https://online.uni-prosperity.com.tw/on/demandware.static/-/Sites-uniprosperity-tw-m-inner/default/dw8ef60ba7/images/large/1525007200101.jpg
1525004700101,義美手工玉米豬肉水餃,冷凍與冷藏食品,水餃 麵食,774g克 x 1 x 1Pack包,170,https://online.uni-prosperity.com.tw/zh/%E7%BE%A9%E7%BE%8E/1525004700101.html,https://online.uni-prosperity.com.tw/on/demandware.static/-/Sites-uniprosperity-tw-m-inner/default/dw49e02e46/images/large/0024927.jpeg
1532009900101,Coolish冰沙 麝香葡萄口味,冷凍與冷藏食品,冰淇淋 雪糕,135ml毫升 x 1 x 1Bag包,65,https://online.uni-prosperity.com.tw/zh/1532009900101.html,https://online.uni-prosperity.com.tw/on/demandware.static/-/Sites-uniprosperity-tw-m-inner/default/dwaf1a9678/images/large/1532009900101.jpg
1531215300101,BJ仙境奇想薄荷風味冰淇淋,冷凍與冷藏食品,冰淇淋 雪糕,465ml毫升 x 1 x 1Bucket桶,269,https://online.uni-prosperity.com.tw/zh/1531215300101.html,https://online.uni-prosperity.com.tw/on/demandware.static/-/Sites-uniprosperity-tw-m-inner/default/dw66c161ef/images/large/1531215300101-0916.jpg
1531201400101,HaagenDazs哈根達斯 巧克力冰淇淋品脫杯,冷凍與冷藏食品,冰淇淋 雪糕,473ml毫升 x 1 x 1Bucket桶,306,https://online.uni-prosperity.com.tw/zh/%E5%93%88%E6%A0%B9%E9%81%94%E6%96%AF/1531201400101.html,https://online.uni-prosperity.com.tw/on/demandware.static/-/Sites-uniprosperity-tw-m-inner/default/dw9d815d0a/images/large/1531201400101-202509.jpg
1531009200101,KB經典可可雪糕,冷凍與冷藏食品,冰淇淋 雪糕,220ml毫升 x 1 x 1BOX盒,219,https://online.uni-prosperity.com.tw/zh/1531009200101.html,https://online.uni-prosperity.com.tw/on/demandware.static/-/Sites-uniprosperity-tw-m-inner/default/dw4a634d4c/images/large/1531009200101.png
1531102000101,義美 紅豆牛奶冰棒 87.5g x 5,冷凍與冷藏食品,冰淇淋 雪糕,87.5g克 x 5 x 1Box盒,99,https://online.uni-prosperity.com.tw/zh/%E7%BE%A9%E7%BE%8E/1531102000101.html,https://online.uni-prosperity.com.tw/on/demandware.static/-/Sites-uniprosperity-tw-m-inner/default/dw842845a6/images/large/1531102000101mia.jpg
1531204900101,HaagenDazs哈根達斯 抹茶冰淇淋品脫杯,冷凍與冷藏食品,冰淇淋 雪糕,473ml毫升 x 1 x 1Bucket桶,306,https://online.uni-prosperity.com.tw/zh/%E5%93%88%E6%A0%B9%E9%81%94%E6%96%AF/1531204900101.html,https://online.uni-prosperity.com.tw/on/demandware.static/-/Sites-uniprosperity-tw-m-inner/default/dw4a764d2b/images/large/1531204900101-202509.jpg
1531019500101,Niseko 北海道牛奶煉乳濃心雪糕 79g x 4,冷凍與冷藏食品,冰淇淋 雪糕,79g克 x 4 x 1BOX盒,119,https://online.uni-prosperity.com.tw/zh/niseko/1531019500101.html,https://online.uni-prosperity.com.tw/on/demandware.static/-/Sites-uniprosperity-tw-m-inner/default/dw32147e03/images/large/1531019500101mia.jpg
1532002500101,森永乳業MOW焦糖拿鐵冰淇淋,冷凍與冷藏食品,冰淇淋 雪糕,140ml毫升 x 1 x 1BOX盒,65,https://online.uni-prosperity.com.tw/zh/1532002500101.html,https://online.uni-prosperity.com.tw/on/demandware.static/-/Sites-uniprosperity-tw-m-inner/default/dw254f881d/images/large/1532002500101.jpg
1531100400105,雅方古早味芒果青冰棒,冷凍與冷藏食品,冰淇淋 雪糕,70g克 x 1 x 5PC支,59,https://online.uni-prosperity.com.tw/zh/%E9%9B%85%E6%96%B9/1531100400105.html,https://online.uni-prosperity.com.tw/on/demandware.static/-/Sites-uniprosperity-tw-m-inner/default/dw7d3fc514/images/large/1531100400105-202505.jpg
1531012700101,百吉布丁雪糕,冷凍與冷藏食品,冰淇淋 雪糕,75g克 x 5 x 1Box盒,69,https://online.uni-prosperity.com.tw/zh/%E7%99%BE%E5%90%89/1531012700101.html,https://online.uni-prosperity.com.tw/on/demandware.static/-/Sites-uniprosperity-tw-m-inner/default/dw70a89711/images/large/1531012700101-202605.jpg
1531201600101,Haagen Dazs 淇淋巧酥冰淇淋,冷凍與冷藏食品,冰淇淋 雪糕,473ml毫升 x 1 x 1Bucket桶,306,https://online.uni-prosperity.com.tw/zh/%E5%93%88%E6%A0%B9%E9%81%94%E6%96%AF/1531201600101.html,https://online.uni-prosperity.com.tw/on/demandware.static/-/Sites-uniprosperity-tw-m-inner/default/dwa1a36d6f/images/large/1531201600101-202509.jpg
1531210300101,Niseko新雪口可可脆粒幸福杯冰淇淋,冷凍與冷藏食品,冰淇淋 雪糕,165g克 x 1 x 1Cup杯,65,https://online.uni-prosperity.com.tw/zh/1531210300101.html,https://online.uni-prosperity.com.tw/on/demandware.static/-/Sites-uniprosperity-tw-m-inner/default/dw0596838d/images/large/1531210300101.png
1531103300101,雅方古早味芒果冰棒-70gx5,冷凍與冷藏食品,冰淇淋 雪糕,70g克 x 5 x 1Box盒,59,https://online.uni-prosperity.com.tw/zh/%E9%9B%85%E6%96%B9/1531103300101.html,https://online.uni-prosperity.com.tw/on/demandware.static/-/Sites-uniprosperity-tw-m-inner/default/dw3caada79/images/large/0244893.png
1531201500101,HaagenDazs哈根達斯 草莓品脫杯473ml毫升 x 1Bucket桶,冷凍與冷藏食品,冰淇淋 雪糕,473ml毫升 x 1 x 1Bucket桶,306,https://online.uni-prosperity.com.tw/zh/%E5%93%88%E6%A0%B9%E9%81%94%E6%96%AF/1531201500101.html,https://online.uni-prosperity.com.tw/on/demandware.static/-/Sites-uniprosperity-tw-m-inner/default/dw6a5c3e2b/images/large/1531201500101-202509.jpg
1521403700101,灣仔碼頭 灌湯小籠包豬肉口味(12入) 300g,冷凍與冷藏食品,包子饅頭 餡餅,300g克 x 1 x 1Bag包,149,https://online.uni-prosperity.com.tw/zh/%E7%81%A3%E4%BB%94%E7%A2%BC%E9%A0%AD/1521403700101.html,https://online.uni-prosperity.com.tw/on/demandware.static/-/Sites-uniprosperity-tw-m-inner/default/dw02e271ab/images/large/1521403700101mia.jpg
1521391300101,奇美冷凍紅豆包6入(全素),冷凍與冷藏食品,包子饅頭 餡餅,390g克 x 1 x 1Bag包,65,https://online.uni-prosperity.com.tw/zh/chimei%E5%A5%87%E7%BE%8E/1521391300101.html,https://online.uni-prosperity.com.tw/on/demandware.static/-/Sites-uniprosperity-tw-m-inner/default/dw1e60ed46/images/large/1521391300101_NR_00.jpg
1521392500101,奇美冷凍香麥芝麻包(全素),冷凍與冷藏食品,包子饅頭 餡餅,390g克 x 1 x 1Bag包,65,https://online.uni-prosperity.com.tw/zh/%E5%A5%87%E7%BE%8E/1521392500101.html,https://online.uni-prosperity.com.tw/on/demandware.static/-/Sites-uniprosperity-tw-m-inner/default/dw56657cbc/images/large/1521392500101_NR_00.jpg
1521207200101,UNIDESIGN黃金筍丁鮮肉包,冷凍與冷藏食品,包子饅頭 餡餅,390g克 x 1 x 1Bag袋,49,https://online.uni-prosperity.com.tw/zh/1521207200101.html,https://online.uni-prosperity.com.tw/on/demandware.static/-/Sites-uniprosperity-tw-m-inner/default/dw6740b3c0/images/large/1521207200101.jpg
1521393400101,UNIDESIGN麥味芝麻包,冷凍與冷藏食品,包子饅頭 餡餅,390g克 x 1 x 1Pack包,45,https://online.uni-prosperity.com.tw/zh/1521393400101.html,https://online.uni-prosperity.com.tw/on/demandware.static/-/Sites-uniprosperity-tw-m-inner/default/dwb4148b7b/images/large/1521393400101.jpg
1521404200101,灣仔碼頭灌湯小籠包 櫛瓜鮮蝦口味 12入,冷凍與冷藏食品,包子饅頭 餡餅,270g克 x 1 x 1Bag包,149,https://online.uni-prosperity.com.tw/zh/%E7%81%A3%E4%BB%94%E7%A2%BC%E9%A0%AD/1521404200101.html,https://online.uni-prosperity.com.tw/on/demandware.static/-/Sites-uniprosperity-tw-m-inner/default/dw18db0a0f/images/large/1521404200101_-0113.jpg
1521207100101,UNIDESIGN經典蔥燒肉包,冷凍與冷藏食品,包子饅頭 餡餅,390g克 x 1 x 1Bag袋,49,https://online.uni-prosperity.com.tw/zh/1521207100101.html,https://online.uni-prosperity.com.tw/on/demandware.static/-/Sites-uniprosperity-tw-m-inner/default/dw7b36a6a9/images/large/1521207100101.jpg
1521393200101,UNIDESIGN奶黃包,冷凍與冷藏食品,包子饅頭 餡餅,390g克 x 1 x 1Pack包,45,https://online.uni-prosperity.com.tw/zh/1521393200101.html,https://online.uni-prosperity.com.tw/on/demandware.static/-/Sites-uniprosperity-tw-m-inner/default/dw9c1b010a/images/large/1521393200101.jpg
1521001100101,奇美沖繩黑糖捲(全素),冷凍與冷藏食品,包子饅頭 餡餅,420g克 x 1 x 1Pack包,65,https://online.uni-prosperity.com.tw/zh/%E5%A5%87%E7%BE%8E/1521001100101.html,https://online.uni-prosperity.com.tw/on/demandware.static/-/Sites-uniprosperity-tw-m-inner/default/dwbaec61e0/images/large/1521001100101_NR_00.jpg
1521100400101,奇美冷凍香菇高麗菜包6入(全素),冷凍與冷藏食品,包子饅頭 餡餅,390g克 x 1 x 1Bag包,65,https://online.uni-prosperity.com.tw/zh/%E5%A5%87%E7%BE%8E/1521100400101.html,https://online.uni-prosperity.com.tw/on/demandware.static/-/Sites-uniprosperity-tw-m-inner/default/dw58353215/images/large/1521100400101_NR_01.jpg
1521393300101,UNIDESIGN芋泥包,冷凍與冷藏食品,包子饅頭 餡餅,390g克 x 1 x 1Pack包,45,https://online.uni-prosperity.com.tw/zh/1521393300101.html,https://online.uni-prosperity.com.tw/on/demandware.static/-/Sites-uniprosperity-tw-m-inner/default/dw4db68f56/images/large/1521393300101.jpg
1521001000101,冷凍雞蛋牛奶銀絲卷(蛋奶素),冷凍與冷藏食品,包子饅頭 餡餅,480g克 x 1 x 1Pack包,69,https://online.uni-prosperity.com.tw/zh/%E5%A5%87%E7%BE%8E/1521001000101.html,https://online.uni-prosperity.com.tw/on/demandware.static/-/Sites-uniprosperity-tw-m-inner/default/dw1dd2ccd9/images/large/1521001000101_NR_00.jpg
1521207000101,奇美冷凍香蔥肉包,冷凍與冷藏食品,包子饅頭 餡餅,390g克 x 1 x 1PacK包,59,https://online.uni-prosperity.com.tw/zh/%E5%A5%87%E7%BE%8E/1521207000101.html,https://online.uni-prosperity.com.tw/on/demandware.static/-/Sites-uniprosperity-tw-m-inner/default/dw8f9cf461/images/large/1521207000101-202607.jpg
1521009400101,奇美冷凍香麥核桃仁饅頭(全素),冷凍與冷藏食品,包子饅頭 餡餅,325g克 x 1 x 1Bag包,89,https://online.uni-prosperity.com.tw/zh/%E5%A5%87%E7%BE%8E/1521009400101.html,https://online.uni-prosperity.com.tw/on/demandware.static/-/Sites-uniprosperity-tw-m-inner/default/dw1f91674c/images/large/1521009400101_NR_00.jpg
1004002600102,統一H2O純水5800ml,飲料與飲用水,礦泉水,5800ml毫升 x 1 x 2Bucket桶,92,https://online.uni-prosperity.com.tw/zh/%E7%B5%B1%E4%B8%80/1004002600102.html,https://online.uni-prosperity.com.tw/on/demandware.static/-/Sites-uniprosperity-tw-m-inner/default/dwf882d86a/images/large/1004002600102_NR_00.png
1004002300120,台鹽海洋鹼性離子水Pet850ml(箱購依實際收貨為主，無法保證原封箱出貨),飲料與飲用水,礦泉水,850ml毫升 x 1 x 20Bottle瓶,434,https://online.uni-prosperity.com.tw/zh/%E5%8F%B0%E9%B9%BD/1004002300120.html,https://online.uni-prosperity.com.tw/on/demandware.static/-/Sites-uniprosperity-tw-m-inner/default/dw136ece9f/images/large/1004002300120_NR_00.jpg
1004001100120,舒跑 鹼性離子水PET 850ml(箱購依實際收貨為主，無法保證原封箱出貨),飲料與飲用水,礦泉水,850ml毫升 x 1 x 20Bottle瓶,400,https://online.uni-prosperity.com.tw/zh/%E8%88%92%E8%B7%91/1004001100120.html,https://online.uni-prosperity.com.tw/on/demandware.static/-/Sites-uniprosperity-tw-m-inner/default/dwdf9db309/images/large/10040011001.jpg
1004001700103,波爾天然水1500ml,飲料與飲用水,礦泉水,1500ml毫升 x 1 x 3Bottle瓶,45,https://online.uni-prosperity.com.tw/zh/%E6%B3%A2%E7%88%BE/1004001700103.html,https://online.uni-prosperity.com.tw/on/demandware.static/-/Sites-uniprosperity-tw-m-inner/default/dw66da1ccc/images/large/1004001700103_NR_00.jpg
1004001700112,波爾天然水1500ml(箱購依實際收貨為主，無法保證原封箱出貨),飲料與飲用水,礦泉水,1500ml毫升 x 1 x 12Bottle瓶,179,https://online.uni-prosperity.com.tw/zh/%E6%B3%A2%E7%88%BE/1004001700112.html,https://online.uni-prosperity.com.tw/on/demandware.static/-/Sites-uniprosperity-tw-m-inner/default/dw2d534536/images/large/1004001700112_NR_02.jpg
1004000400102,味丹多喝水6200ml,飲料與飲用水,礦泉水,6200ml毫升 x 1 x 2Bucket桶,90,https://online.uni-prosperity.com.tw/zh/%E5%91%B3%E4%B8%B9/1004000400102.html,https://online.uni-prosperity.com.tw/on/demandware.static/-/Sites-uniprosperity-tw-m-inner/default/dw7492dfed/images/large/0168493_6200ml.jpeg
1004002300104,台鹽海洋鹼性離子水Pet850ml**隨機出貨不挑款，以實際出貨為準。**,飲料與飲用水,礦泉水,850ml毫升 x 1 x 4Bottle瓶,88,https://online.uni-prosperity.com.tw/zh/%E5%8F%B0%E9%B9%BD/1004002300104.html,https://online.uni-prosperity.com.tw/on/demandware.static/-/Sites-uniprosperity-tw-m-inner/default/dwd37018fe/images/large/1004002300104_NR_00.jpg
1004001600120,泰山純水700ml(箱購依實際收貨為主，無法保證原封箱出貨),飲料與飲用水,礦泉水,700ml毫升 x 1 x 20Bottle瓶,335,https://online.uni-prosperity.com.tw/zh/%E6%B3%B0%E5%B1%B1/1004001600120.html,https://online.uni-prosperity.com.tw/on/demandware.static/-/Sites-uniprosperity-tw-m-inner/default/dw018a4435/images/large/1004001600120_NR_00.png
1004004900102,味丹竹炭礦泉水6200ml,飲料與飲用水,礦泉水,6200ml毫升 x 1 x 2Bucket桶,103,https://online.uni-prosperity.com.tw/zh/%E5%91%B3%E4%B8%B9/1004004900102.html,https://online.uni-prosperity.com.tw/on/demandware.static/-/Sites-uniprosperity-tw-m-inner/default/dwb7d6e1e9/images/large/0000183_6200ml.jpeg
1004002500102,悅氏天然水6000ml,飲料與飲用水,礦泉水,6000ml毫升 x 1 x 2Bucket桶,86,https://online.uni-prosperity.com.tw/zh/%E6%82%85%E6%B0%8F/1004002500102.html,https://online.uni-prosperity.com.tw/on/demandware.static/-/Sites-uniprosperity-tw-m-inner/default/dw9d2ac452/images/large/0003056_6000ml.jpeg
1004007900102,水事紀麥飯石礦泉水5000ml,飲料與飲用水,礦泉水,5000ml毫升 x 1 x 2BOTTLE瓶,98,https://online.uni-prosperity.com.tw/zh/%E7%B5%B1%E4%B8%80/1004007900102.html,https://online.uni-prosperity.com.tw/on/demandware.static/-/Sites-uniprosperity-tw-m-inner/default/dw7ddbed09/images/large/1004007900102_NR_00.png
1004092300112,[箱購]UNIDESIGN純水 1500ml(箱購依實際收貨為主，無法保證原封箱出貨),飲料與飲用水,礦泉水,1500ml毫升 x 1 x 12Bottle瓶,120,https://online.uni-prosperity.com.tw/zh/1004092300112.html,https://online.uni-prosperity.com.tw/on/demandware.static/-/Sites-uniprosperity-tw-m-inner/default/dw1ca0f6ca/images/large/1004092300101.jpg
1004001900102,悅氏Light鹼性水6000ml,飲料與飲用水,礦泉水,6000ml毫升 x 1 x 2Bucket桶,88,https://online.uni-prosperity.com.tw/zh/%E6%82%85%E6%B0%8F/1004001900102.html,https://online.uni-prosperity.com.tw/on/demandware.static/-/Sites-uniprosperity-tw-m-inner/default/dw4101d5ea/images/large/0003047_light6000ml.jpeg
1004092400102,[箱購]UNIDESIGN純水 6000ml,飲料與飲用水,礦泉水,6000ml毫升 x 1 x 2Bottle瓶,70,https://online.uni-prosperity.com.tw/zh/1004092400102.html,https://online.uni-prosperity.com.tw/on/demandware.static/-/Sites-uniprosperity-tw-m-inner/default/dw8d0d34d8/images/large/1004092400101.jpg
1003503500106,愛之味麥仔茶 TP250ml,飲料與飲用水,綠茶．烏龍茶．其他茶飲,250ml毫升 x 1 x 6Bottle瓶,38,https://online.uni-prosperity.com.tw/zh/%E6%84%9B%E4%B9%8B%E5%91%B3/1003503500106.html,https://online.uni-prosperity.com.tw/on/demandware.static/-/Sites-uniprosperity-tw-m-inner/default/dwdddf8275/images/large/0003044_-t250ml.jpeg
1003503500124,愛之味麥仔茶 TP250ml(箱購依實際收貨為主，無法保證原封箱出貨),飲料與飲用水,綠茶．烏龍茶．其他茶飲,250ml毫升 x 1 x 24Bottle瓶,151,https://online.uni-prosperity.com.tw/zh/%E6%84%9B%E4%B9%8B%E5%91%B3/1003503500124.html,https://online.uni-prosperity.com.tw/on/demandware.static/-/Sites-uniprosperity-tw-m-inner/default/dw0c8f3219/images/large/0003045_-t250ml.jpeg
1003306600104,原萃日式玄米綠茶(無糖)580ml ,飲料與飲用水,綠茶．烏龍茶．其他茶飲,580ml毫升 x 1 x 4Bottle瓶,78,https://online.uni-prosperity.com.tw/zh/%E5%8E%9F%E8%90%83/1003306600104.html,https://online.uni-prosperity.com.tw/on/demandware.static/-/Sites-uniprosperity-tw-m-inner/default/dwef50f1fc/images/large/1003306600104_NR_00.jpg
1003502800106,光泉正庄冬瓜茶 250ml,飲料與飲用水,綠茶．烏龍茶．其他茶飲,250ml毫升 x 1 x 6BOTTLE瓶,48,https://online.uni-prosperity.com.tw/zh/%E5%85%89%E6%B3%89/1003502800106.html,https://online.uni-prosperity.com.tw/on/demandware.static/-/Sites-uniprosperity-tw-m-inner/default/dw95a4b6f9/images/large/0238944_-250ml.png
1003004800104,原萃鐵觀音580ml,飲料與飲用水,綠茶．烏龍茶．其他茶飲,580ml毫升 x 1 x 4Bottle瓶,78,https://online.uni-prosperity.com.tw/zh/%E5%8E%9F%E8%90%83/1003004800104.html,https://online.uni-prosperity.com.tw/on/demandware.static/-/Sites-uniprosperity-tw-m-inner/default/dw5535153c/images/large/1003004800104_NR_00.jpg
1003305700104,每朝健康雙纖綠茶(無糖) 650ml,飲料與飲用水,綠茶．烏龍茶．其他茶飲,650ml毫升 x 1 x 4Bottle瓶,115,https://online.uni-prosperity.com.tw/zh/%E6%AF%8F%E6%9C%9D%E5%81%A5%E5%BA%B7/1003305700104.html,https://online.uni-prosperity.com.tw/on/demandware.static/-/Sites-uniprosperity-tw-m-inner/default/dw3436d50f/images/large/1003305700104_NR_00.jpg
1003300400104,原萃日式綠茶-580ml,飲料與飲用水,綠茶．烏龍茶．其他茶飲,580ml毫升 x 1 x 4Bottle瓶,78,https://online.uni-prosperity.com.tw/zh/%E5%8E%9F%E8%90%83/1003300400104.html,https://online.uni-prosperity.com.tw/on/demandware.static/-/Sites-uniprosperity-tw-m-inner/default/dwb43caa35/images/large/1003300400104_NR_00.jpg
1003305700124,每朝健康雙纖綠茶650ml(箱購依實際收貨為主，無法保證原封箱出貨),飲料與飲用水,綠茶．烏龍茶．其他茶飲,650ml毫升 x 1 x 24Bottle瓶,688,https://online.uni-prosperity.com.tw/zh/%E6%AF%8F%E6%9C%9D%E5%81%A5%E5%BA%B7/1003305700124.html,https://online.uni-prosperity.com.tw/on/demandware.static/-/Sites-uniprosperity-tw-m-inner/default/dwfdb4a012/images/large/1003305700124_NR_00.jpg
1003000700104,原萃包種烏龍茶580ml,飲料與飲用水,綠茶．烏龍茶．其他茶飲,580ml毫升 x 1 x 4Bottle瓶,78,https://online.uni-prosperity.com.tw/zh/%E5%8E%9F%E8%90%83/1003000700104.html,https://online.uni-prosperity.com.tw/on/demandware.static/-/Sites-uniprosperity-tw-m-inner/default/dw064cb9a1/images/large/1003000700104_NR_00.jpg
1003301800104,原萃綠茶玉露580ml,飲料與飲用水,綠茶．烏龍茶．其他茶飲,580ml毫升 x 1 x 4Bottle瓶,78,https://online.uni-prosperity.com.tw/zh/%E5%8E%9F%E8%90%83/1003301800104.html,https://online.uni-prosperity.com.tw/on/demandware.static/-/Sites-uniprosperity-tw-m-inner/default/dw982c544b/images/large/1003301800104_NR_00.jpg
1003001600104,御茶園台灣金萱烏龍茶(無糖)590ml,飲料與飲用水,綠茶．烏龍茶．其他茶飲,590ml毫升 x 1 x 4BOTTLE瓶,78,https://online.uni-prosperity.com.tw/zh/%E5%BE%A1%E8%8C%B6%E5%9C%92/1003001600104.html,https://online.uni-prosperity.com.tw/on/demandware.static/-/Sites-uniprosperity-tw-m-inner/default/dw54d6de93/images/large/1003001600104_NR_00.jpg
1003308600104,御茶園特撰冰釀綠茶590ml,飲料與飲用水,綠茶．烏龍茶．其他茶飲,590ml毫升 x 1 x 4BOTTLE瓶,78,https://online.uni-prosperity.com.tw/zh/%E5%BE%A1%E8%8C%B6%E5%9C%92/1003308600104.html,https://online.uni-prosperity.com.tw/on/demandware.static/-/Sites-uniprosperity-tw-m-inner/default/dw48bcb836/images/large/1003308600104_NR_00.jpg
1003308700104,御茶園特撰日式綠茶(無糖)590ml,飲料與飲用水,綠茶．烏龍茶．其他茶飲,590ml毫升 x 1 x 4BOTTLE瓶,78,https://online.uni-prosperity.com.tw/zh/%E5%BE%A1%E8%8C%B6%E5%9C%92/1003308700104.html,https://online.uni-prosperity.com.tw/on/demandware.static/-/Sites-uniprosperity-tw-m-inner/default/dw32cf1e13/images/large/1003308700104_NR_00.jpg
1003001500104,茶裏王青心烏龍無糖Pet-600mlx4,飲料與飲用水,綠茶．烏龍茶．其他茶飲,600ml毫升 x 1 x 4Bottle瓶,72,https://online.uni-prosperity.com.tw/zh/%E7%B5%B1%E4%B8%80/1003001500104.html,https://online.uni-prosperity.com.tw/on/demandware.static/-/Sites-uniprosperity-tw-m-inner/default/dw4374a54e/images/large/0099018_et600ml.jpeg
1001000400124,紅牌速纖纖維飲料TP250ml(箱購依實際收貨為主，無法保證原封箱出貨),飲料與飲用水,蔬果汁,250ml毫升 x 1 x 24Bottle瓶,158,https://online.uni-prosperity.com.tw/zh/%E7%B4%85%E7%89%8C/1001000400124.html,https://online.uni-prosperity.com.tw/on/demandware.static/-/Sites-uniprosperity-tw-m-inner/default/dw01da8582/images/large/0007832_t250ml.jpeg
1001000400106,紅牌速纖纖維飲料TP250ml,飲料與飲用水,蔬果汁,250ml毫升 x 1 x 6Bottle瓶,40,https://online.uni-prosperity.com.tw/zh/%E7%B4%85%E7%89%8C/1001000400106.html,https://online.uni-prosperity.com.tw/on/demandware.static/-/Sites-uniprosperity-tw-m-inner/default/dw9c35be30/images/large/0124488_t250ml.jpeg
1001003500106,波蜜BCE果菜汁TP250ml,飲料與飲用水,蔬果汁,250ml毫升 x 1 x 6Bottle瓶,40,https://online.uni-prosperity.com.tw/zh/%E6%B3%A2%E8%9C%9C/1001003500106.html,https://online.uni-prosperity.com.tw/on/demandware.static/-/Sites-uniprosperity-tw-m-inner/default/dwaef9ccb4/images/large/0002883_bcet250ml.jpeg
1001001200104,波蜜果菜汁 Pet 580ml,飲料與飲用水,蔬果汁,580ml毫升 x 1 x 4Bottle瓶,89,https://online.uni-prosperity.com.tw/zh/%E6%B3%A2%E8%9C%9C/1001001200104.html,https://online.uni-prosperity.com.tw/on/demandware.static/-/Sites-uniprosperity-tw-m-inner/default/dw4b886755/images/large/0013006_-et-580ml.jpeg
1001402800124,光泉果汁時刻芭芒柳汁TP250ml(箱購依實際收貨為主，無法保證原封箱出貨),飲料與飲用水,蔬果汁,250ml毫升 x 1 x 24Bottle瓶,169,https://online.uni-prosperity.com.tw/zh/%E5%85%89%E6%B3%89/1001402800124.html,https://online.uni-prosperity.com.tw/on/demandware.static/-/Sites-uniprosperity-tw-m-inner/default/dw29eb732d/images/large/1001402800124.jpg
1001406900106,波蜜芭樂汁300ml,飲料與飲用水,蔬果汁,300ml毫升 x 1 x 6Bottle瓶,48,https://online.uni-prosperity.com.tw/zh/%E6%B3%A2%E8%9C%9C/1001406900106.html,https://online.uni-prosperity.com.tw/on/demandware.static/-/Sites-uniprosperity-tw-m-inner/default/dwf19f36d4/images/large/0127366_300ml.jpeg
1001102100106,光泉果汁時刻100%蘋果綜合果汁200mlx6,飲料與飲用水,蔬果汁,200ml毫升 x 1 x 6Bottle瓶,85,https://online.uni-prosperity.com.tw/zh/%E5%85%89%E6%B3%89/1001102100106.html,https://online.uni-prosperity.com.tw/on/demandware.static/-/Sites-uniprosperity-tw-m-inner/default/dw104ddefd/images/large/1001102100106.jpg
1001003500124,波蜜BCE果菜汁TP250ml(箱購依實際收貨為主，無法保證原封箱出貨),飲料與飲用水,蔬果汁,250ml毫升 x 1 x 24Bottle瓶,159,https://online.uni-prosperity.com.tw/zh/%E6%B3%A2%E8%9C%9C/1001003500124.html,https://online.uni-prosperity.com.tw/on/demandware.static/-/Sites-uniprosperity-tw-m-inner/default/dw48a0d0d6/images/large/0002885_bcet250ml.jpeg
1001501100124,光泉正庄蘆筍汁TP250ml(箱購依實際收貨為主，無法保證原封箱出貨),飲料與飲用水,蔬果汁,250ml毫升 x 1 x 24BOTTLE瓶,191,https://online.uni-prosperity.com.tw/zh/%E5%85%89%E6%B3%89/1001501100124.html,https://online.uni-prosperity.com.tw/on/demandware.static/-/Sites-uniprosperity-tw-m-inner/default/dw14b58a58/images/large/0238953_t250ml.png
1001010600106,波蜜果菜汁250ml,飲料與飲用水,蔬果汁,250ml毫升 x 1 x 6Bag包,57,https://online.uni-prosperity.com.tw/zh/%E6%B3%A2%E8%9C%9C/1001010600106.html,https://online.uni-prosperity.com.tw/on/demandware.static/-/Sites-uniprosperity-tw-m-inner/default/dwce3ab11f/images/large/1001010600106.jpg
1001100100124,光泉果汁時刻蘋果汁TP-250ml(箱購依實際收貨為主，無法保證原封箱出貨),飲料與飲用水,蔬果汁,250ml毫升 x 1 x 24Bottle瓶,169,https://online.uni-prosperity.com.tw/zh/%E5%85%89%E6%B3%89/1001100100124.html,https://online.uni-prosperity.com.tw/on/demandware.static/-/Sites-uniprosperity-tw-m-inner/default/dw266d3c6a/images/large/1001100100124.jpg
1001406900124,波蜜芭樂汁300ml(箱購依實際收貨為主，無法保證原封箱出貨),飲料與飲用水,蔬果汁,300ml毫升 x 1 x 24Bottle瓶,192,https://online.uni-prosperity.com.tw/zh/%E6%B3%A2%E8%9C%9C/1001406900124.html,https://online.uni-prosperity.com.tw/on/demandware.static/-/Sites-uniprosperity-tw-m-inner/default/dw5c26ad99/images/large/0127368_300ml.jpeg
1001300300106,黑松葡萄汁-TP300ml,飲料與飲用水,蔬果汁,300ml毫升 x 1 x 6Bottle瓶,48,https://online.uni-prosperity.com.tw/zh/%E9%BB%91%E6%9D%BE/1001300300106.html,https://online.uni-prosperity.com.tw/on/demandware.static/-/Sites-uniprosperity-tw-m-inner/default/dw9a1bc34a/images/large/1001300300106_NR_00.jpg
1001403300106,黑松蜜桃C/TP300ml,飲料與飲用水,蔬果汁,300ml毫升 x 1 x 6Bottle瓶,48,https://online.uni-prosperity.com.tw/zh/%E9%BB%91%E6%9D%BE/1001403300106.html,https://online.uni-prosperity.com.tw/on/demandware.static/-/Sites-uniprosperity-tw-m-inner/default/dwa8a5cf2f/images/large/1001403300106_NR_00.jpg
1400113200101,中祥自然之顏胡椒蘇打餅,餅乾與休閒零食,鹹餅乾,280g克 x 1 x 1Bag袋,74,https://online.uni-prosperity.com.tw/zh/%E4%B8%AD%E7%A5%A5/1400113200101.html,https://online.uni-prosperity.com.tw/on/demandware.static/-/Sites-uniprosperity-tw-m-inner/default/dwc7000f6f/images/large/1400113200101.png
1401402000101,上好佳歡樂小點心原味蝦條 90g(18小包),餅乾與休閒零食,鹹餅乾,90g克 x 1 x 1Pack包,60,https://online.uni-prosperity.com.tw/zh/%E4%B8%8A%E5%A5%BD%E4%BD%B3/1401402000101.html,https://online.uni-prosperity.com.tw/on/demandware.static/-/Sites-uniprosperity-tw-m-inner/default/dw5b2843bf/images/large/1401402000101_NR_00.jpg
1401128600101,奇多綜合組合包230g,餅乾與休閒零食,鹹餅乾,230g克 x 1 x 1Bag袋,80,https://online.uni-prosperity.com.tw/zh/%E5%A5%87%E5%A4%9A/1401128600101.html,https://online.uni-prosperity.com.tw/on/demandware.static/-/Sites-uniprosperity-tw-m-inner/default/dw742d23f8/images/large/1401128600101_NR_00.jpg
1401004000101,科學麵20合1 Min 家庭號,餅乾與休閒零食,鹹餅乾,300g克 x 1 x 1Bag袋,55,https://online.uni-prosperity.com.tw/zh/%E7%B5%B1%E4%B8%80/1401004000101.html,https://online.uni-prosperity.com.tw/on/demandware.static/-/Sites-uniprosperity-tw-m-inner/default/dw4e3f869a/images/large/1401004000101.png
1401401100101,上好佳歡樂小點心原味薯條 90g(18小包),餅乾與休閒零食,鹹餅乾,90g克 x 1 x 1Pack包,60,https://online.uni-prosperity.com.tw/zh/1401401100101.html,https://online.uni-prosperity.com.tw/on/demandware.static/-/Sites-uniprosperity-tw-m-inner/default/dwa0a72f87/images/large/1401401100101_NR_00.jpg
1401130800101,多力多滋綜合組合包200g,餅乾與休閒零食,鹹餅乾,200g克 x 1 x 1Bag袋,79,https://online.uni-prosperity.com.tw/zh/%E5%A4%9A%E5%8A%9B%E5%A4%9A%E6%BB%8B/1401130800101.html,https://online.uni-prosperity.com.tw/on/demandware.static/-/Sites-uniprosperity-tw-m-inner/default/dwe19d4502/images/large/1401130800101_NR_00.jpg
1400302900101,海太加鈣營養餅乾-197g,餅乾與休閒零食,鹹餅乾,197g克 x 1 x 1Box盒,59,https://online.uni-prosperity.com.tw/zh/%E6%B5%B7%E5%A4%AA/1400302900101.html,https://online.uni-prosperity.com.tw/on/demandware.static/-/Sites-uniprosperity-tw-m-inner/default/dw95c3e993/images/large/0256720.jpeg
1400203200101,老楊黑芝麻餅-230g,餅乾與休閒零食,鹹餅乾,230g克 x 1 x 1Bag袋,104,https://online.uni-prosperity.com.tw/zh/1400203200101.html,https://online.uni-prosperity.com.tw/on/demandware.static/-/Sites-uniprosperity-tw-m-inner/default/dw69199ea0/images/large/0116121.jpeg
1401489900101,華元好運到超值5包入,餅乾與休閒零食,鹹餅乾,1Pack包 x 1 x 1Set組,100,https://online.uni-prosperity.com.tw/zh/%E8%8F%AF%E5%85%83/1401489900101.html,https://online.uni-prosperity.com.tw/on/demandware.static/-/Sites-uniprosperity-tw-m-inner/default/dw9fbbcffc/images/large/1401489900101.png
1400001400101,米豆,餅乾與休閒零食,鹹餅乾,250g克 x 1 x 1Pack包,109,https://online.uni-prosperity.com.tw/zh/%E6%97%BA%E6%97%BA/1400001400101.html,https://online.uni-prosperity.com.tw/on/demandware.static/-/Sites-uniprosperity-tw-m-inner/default/dwd4c961cf/images/large/0099608.jpeg
1400200300101,雪之戀鹹蛋黃餅,餅乾與休閒零食,鹹餅乾,200g克 x 1 x 1Bag包,99,https://online.uni-prosperity.com.tw/zh/%E9%9B%AA%E4%B9%8B%E6%88%80/1400200300101.html,https://online.uni-prosperity.com.tw/on/demandware.static/-/Sites-uniprosperity-tw-m-inner/default/dw957cdcf5/images/large/0220814.jpeg
1400120300101,義美天然取向紫菜蘇打餅225g,餅乾與休閒零食,鹹餅乾,225g克 x 1 x 1Bag袋,64,https://online.uni-prosperity.com.tw/zh/%E7%BE%A9%E7%BE%8E/1400120300101.html,https://online.uni-prosperity.com.tw/on/demandware.static/-/Sites-uniprosperity-tw-m-inner/default/dw5bd02e3d/images/large/1400120300101_NR_00.jpg
1400004100101,有田製果雪屋(輕辣),餅乾與休閒零食,鹹餅乾,190g克 x 1 x 1Pack包,71,https://online.uni-prosperity.com.tw/zh/%E6%9C%89%E7%94%B0%E8%A3%BD%E8%8F%93/1400004100101.html,https://online.uni-prosperity.com.tw/on/demandware.static/-/Sites-uniprosperity-tw-m-inner/default/dw0064b3d7/images/large/0207190_-.jpeg
1401103200101,神氣包--玉黍叔,餅乾與休閒零食,鹹餅乾,81g克 x 1 x 1Pack包,43,https://online.uni-prosperity.com.tw/zh/%E8%8F%AF%E5%85%83/1401103200101.html,https://online.uni-prosperity.com.tw/on/demandware.static/-/Sites-uniprosperity-tw-m-inner/default/dw285e7c2c/images/large/0218551_-.jpeg
1413107300101,義美香濃花生夾心酥400g,餅乾與休閒零食,甜餅乾,400g克 x 1 x 1Bag包,89,https://online.uni-prosperity.com.tw/zh/%E7%BE%A9%E7%BE%8E/1413107300101.html,https://online.uni-prosperity.com.tw/on/demandware.static/-/Sites-uniprosperity-tw-m-inner/default/dw4d576f47/images/large/0283725_400g.jpeg
1410430900101,蜜蘭諾幸福歐風-黑白巧雙重奏-150g,餅乾與休閒零食,甜餅乾,150g克 x 1 x 1BOX盒,63,https://online.uni-prosperity.com.tw/zh/77/1410430900101.html,https://online.uni-prosperity.com.tw/on/demandware.static/-/Sites-uniprosperity-tw-m-inner/default/dw64e3b96f/images/large/1410430900101_NR_00.jpg
1413000700101,義美草莓夾心酥經濟包400g,餅乾與休閒零食,甜餅乾,400g克 x 1 x 1Bag袋,89,https://online.uni-prosperity.com.tw/zh/%E7%BE%A9%E7%BE%8E/1413000700101.html,https://online.uni-prosperity.com.tw/on/demandware.static/-/Sites-uniprosperity-tw-m-inner/default/dw6fad3711/images/large/0273430.jpeg
1410102200101,燕麥蜂蜜葡萄餅,餅乾與休閒零食,甜餅乾,312g克 x 1 x 1PACK包,71,https://online.uni-prosperity.com.tw/zh/%E5%BB%A3%E5%90%89/1410102200101.html,https://online.uni-prosperity.com.tw/on/demandware.static/-/Sites-uniprosperity-tw-m-inner/default/dw4677c354/images/large/1410102200101.jpg
1413005400101,義美清香檸檬風味夾心酥400g,餅乾與休閒零食,甜餅乾,400g克 x 1 x 1Bag包,89,https://online.uni-prosperity.com.tw/zh/%E7%BE%A9%E7%BE%8E/1413005400101.html,https://online.uni-prosperity.com.tw/on/demandware.static/-/Sites-uniprosperity-tw-m-inner/default/dw3176a550/images/large/0283726_400g.jpeg
1412101400101,義美草莓法蘭酥,餅乾與休閒零食,甜餅乾,132g克 x 1 x 1Box盒,69,https://online.uni-prosperity.com.tw/zh/%E7%BE%A9%E7%BE%8E/1412101400101.html,https://online.uni-prosperity.com.tw/on/demandware.static/-/Sites-uniprosperity-tw-m-inner/default/dw9a4ad270/images/large/1412101400101r.jpg
1413102700101,義美牛奶夾心酥-400g,餅乾與休閒零食,甜餅乾,400g克 x 1 x 1Bag袋,89,https://online.uni-prosperity.com.tw/zh/%E7%BE%A9%E7%BE%8E/1413102700101.html,https://online.uni-prosperity.com.tw/on/demandware.static/-/Sites-uniprosperity-tw-m-inner/default/dw0cd580e6/images/large/0242359.jpeg
1413112100101,77新貴派18片盒裝-焦糖海鹽,餅乾與休閒零食,甜餅乾,284.4g克 x 1 x 1BOX盒,88,https://online.uni-prosperity.com.tw/zh/77/1413112100101.html,https://online.uni-prosperity.com.tw/on/demandware.static/-/Sites-uniprosperity-tw-m-inner/default/dwd9e50b2d/images/large/1413112100101_NR_00.jpg
1412101700101,義美牛奶法蘭酥,餅乾與休閒零食,甜餅乾,132g克 x 1 x 1Box盒,69,https://online.uni-prosperity.com.tw/zh/%E7%BE%A9%E7%BE%8E/1412101700101.html,https://online.uni-prosperity.com.tw/on/demandware.static/-/Sites-uniprosperity-tw-m-inner/default/dwd4e995f8/images/large/0030296.jpeg
1413004200101,77新貴派18片盒裝-清爽檸檬-252g,餅乾與休閒零食,甜餅乾,252g克 x 1 x 1Bag包,88,https://online.uni-prosperity.com.tw/zh/77/1413004200101.html,https://online.uni-prosperity.com.tw/on/demandware.static/-/Sites-uniprosperity-tw-m-inner/default/dwa9f473f9/images/large/1413004200101_NR_00.jpg
1410107700101,康元原味葡萄餅,餅乾與休閒零食,甜餅乾,312g克 x 1 x 1Bag包,71,https://online.uni-prosperity.com.tw/zh/%E5%BB%A3%E5%90%89/1410107700101.html,https://online.uni-prosperity.com.tw/on/demandware.static/-/Sites-uniprosperity-tw-m-inner/default/dw3802d109/images/large/1410107700101.jpg
1412001700101,茱蒂絲雷蒙德巧克力夾心餅,餅乾與休閒零食,甜餅乾,180g克 x 1 x 1Pack包,55,https://online.uni-prosperity.com.tw/zh/%E8%8C%B1%E8%92%82%E7%B5%B2julies/1412001700101.html,https://online.uni-prosperity.com.tw/on/demandware.static/-/Sites-uniprosperity-tw-m-inner/default/dwb8c8f087/images/large/1412001700101.jpg
1410427300101,中祥鮮芝麻牛奶酥餅量販,餅乾與休閒零食,甜餅乾,280g克 x 1 x 1Bag袋,75,https://online.uni-prosperity.com.tw/zh/%E4%B8%AD%E7%A5%A5/1410427300101.html,https://online.uni-prosperity.com.tw/on/demandware.static/-/Sites-uniprosperity-tw-m-inner/default/dwd1bf0e83/images/large/1410427300101.png
1413104700101,77新貴派18片盒裝-花生,餅乾與休閒零食,甜餅乾,288g克 x 1 x 1Box盒,88,https://online.uni-prosperity.com.tw/zh/77/1413104700101.html,https://online.uni-prosperity.com.tw/on/demandware.static/-/Sites-uniprosperity-tw-m-inner/default/dw5d12859c/images/large/1413104700101_NR_01.jpg
1424215100101,義美芥末青豆 178g,餅乾與休閒零食,堅果類,178g克 x 1 x 1Bag包,68,https://online.uni-prosperity.com.tw/zh/%E7%BE%A9%E7%BE%8E/1424215100101.html,https://online.uni-prosperity.com.tw/on/demandware.static/-/Sites-uniprosperity-tw-m-inner/default/dw0343d499/images/large/0233488.jpeg
1424400700101,盛香珍小魚干花生80g,餅乾與休閒零食,堅果類,80g克 x 1 x 1Bag袋,71,https://online.uni-prosperity.com.tw/zh/%E7%9B%9B%E9%A6%99%E7%8F%8D/1424400700101.html,https://online.uni-prosperity.com.tw/on/demandware.static/-/Sites-uniprosperity-tw-m-inner/default/dwf5d4930e/images/large/1424400700101.jpg
1424214500101,義美濃蒜青豆-178g,餅乾與休閒零食,堅果類,178g克 x 1 x 1Bag包,55,https://online.uni-prosperity.com.tw/zh/%E7%BE%A9%E7%BE%8E/1424214500101.html,https://online.uni-prosperity.com.tw/on/demandware.static/-/Sites-uniprosperity-tw-m-inner/default/dw01a7de96/images/large/0237165.jpeg
1424304400101,萬歲牌楓糖腰果,餅乾與休閒零食,堅果類,140g克 x 1 x 1Pack包,139,https://online.uni-prosperity.com.tw/zh/%E8%81%AF%E8%8F%AF%E9%A3%9F%E5%93%81/1424304400101.html,https://online.uni-prosperity.com.tw/on/demandware.static/-/Sites-uniprosperity-tw-m-inner/default/dw5fd2feef/images/large/1424304400101_NR_00.png
1424227200101,義美鹹酥脆皮青豆151g,餅乾與休閒零食,堅果類,151g克 x 1 x 1Bag袋,55,https://online.uni-prosperity.com.tw/zh/%E7%BE%A9%E7%BE%8E/1424227200101.html,https://online.uni-prosperity.com.tw/on/demandware.static/-/Sites-uniprosperity-tw-m-inner/default/dw7615c3f5/images/large/1424227200101_NR_01.jpg
1424409300112,[箱購]Sunny Ranch 無調味烘烤雙果350g克 x 12Bucket桶(箱購依實際收貨為主，無法保證原封箱出貨),餅乾與休閒零食,堅果類,350g克 x 1 x 12Bucket桶,3228,https://online.uni-prosperity.com.tw/zh/sunny-ranch/1424409300112.html,https://online.uni-prosperity.com.tw/on/demandware.static/-/Sites-uniprosperity-tw-m-inner/default/dw1444eafb/images/large/1424409300101_NR_00.jpg
1424307400112,[箱購]Sunny Ranch 蜜汁腰果350g克 x 12Bucket桶/箱(箱購依實際收貨為主，無法保證原封箱出貨),餅乾與休閒零食,堅果類,350g克 x 1 x 12Bucket桶,3228,https://online.uni-prosperity.com.tw/zh/sunny-ranch/1424307400112.html,https://online.uni-prosperity.com.tw/on/demandware.static/-/Sites-uniprosperity-tw-m-inner/default/dwa966ba96/images/large/1424307400101_NR_00.jpg
1424310000112,[箱購]Sunny Ranch無調味核桃140g克 x 12袋(箱購依實際收貨為主，無法保證原封箱出貨),餅乾與休閒零食,堅果類,140g克 x 1 x 12Bag袋,2028,https://online.uni-prosperity.com.tw/zh/1424310000112.html,https://online.uni-prosperity.com.tw/on/demandware.static/-/Sites-uniprosperity-tw-m-inner/default/dw7f4572aa/images/large/1424310000101_NR_00.jpg
1424307300112,[箱購]Sunny Ranch 綜合纖果350g克x12Bucket桶(箱購依實際收貨為主，無法保證原封箱出貨),餅乾與休閒零食,堅果類,350g克 x 1 x 12Bucket桶,3228,https://online.uni-prosperity.com.tw/zh/sunny-ranch/1424307300112.html,https://online.uni-prosperity.com.tw/on/demandware.static/-/Sites-uniprosperity-tw-m-inner/default/dwe6809861/images/large/1424307300101_NR_00.png
1424402300101,萬歲牌薄鹽堅果綜合果,餅乾與休閒零食,堅果類,144g克 x 1 x 1Pack包,210,https://online.uni-prosperity.com.tw/zh/%E8%81%AF%E8%8F%AF%E9%A3%9F%E5%93%81/1424402300101.html,https://online.uni-prosperity.com.tw/on/demandware.static/-/Sites-uniprosperity-tw-m-inner/default/dw34094469/images/large/1424402300101_NR_00.png
1424208100101,良澔芥末豆,餅乾與休閒零食,堅果類,180g克 x 1 x 1Bag包,89,https://online.uni-prosperity.com.tw/zh/%E8%89%AF%E6%BE%94/1424208100101.html,https://online.uni-prosperity.com.tw/on/demandware.static/-/Sites-uniprosperity-tw-m-inner/default/dw0d236257/images/large/0092921.jpeg
1424207200101,旺旺煎豆子-原味(全素)-160g,餅乾與休閒零食,堅果類,160g克 x 1 x 1Pack包,57,https://online.uni-prosperity.com.tw/zh/%E6%97%BA%E6%97%BA/1424207200101.html,https://online.uni-prosperity.com.tw/on/demandware.static/-/Sites-uniprosperity-tw-m-inner/default/dw04699f3e/images/large/1424207200101_NR_00.jpg
1424224800101,Fungo藥膳蠶豆,餅乾與休閒零食,堅果類,130g克 x 1 x 1Bag包,49,https://online.uni-prosperity.com.tw/zh/fungo/1424224800101.html,https://online.uni-prosperity.com.tw/on/demandware.static/-/Sites-uniprosperity-tw-m-inner/default/dwb7e0e335/images/large/1424224800101_NR_00.jpg
1424403100101,嘉禾素食蠶豆-450g,餅乾與休閒零食,堅果類,450g克 x 1 x 1Pack包,85,https://online.uni-prosperity.com.tw/zh/1424403100101.html,https://online.uni-prosperity.com.tw/on/demandware.static/-/Sites-uniprosperity-tw-m-inner/default/dwe94008ec/images/large/0122950.jpeg
1451014700101,天生好米富里履歷契作米 3Kg,米麵與食用油,米,3Kg公斤 x 1 x 1PACK包,249,https://online.uni-prosperity.com.tw/zh/%E5%A4%A9%E7%94%9F%E5%A5%BD%E7%B1%B3/1451014700101.html,https://online.uni-prosperity.com.tw/on/demandware.static/-/Sites-uniprosperity-tw-m-inner/default/dw112ecbe6/images/large/1451014700101_NR_00.jpg
1451013900101,三好米台東關山好米(圓二)9kg,米麵與食用油,米,9Kg公斤 x 1 x 1Pack包,579,https://online.uni-prosperity.com.tw/zh/%E4%B8%89%E5%A5%BD%E7%B1%B3/1451013900101.html,https://online.uni-prosperity.com.tw/on/demandware.static/-/Sites-uniprosperity-tw-m-inner/default/dw2dbd579b/images/large/1451013900101_NR_00.jpg
1451013800101,【有機】樂米穀場-稻鴨有機益全香米1.5kg,米麵與食用油,米,1500g克 x 1 x 1PC包,189,https://online.uni-prosperity.com.tw/zh/%E6%A8%82%E7%B1%B3%E7%A9%80%E5%A0%B4/1451013800101.html,https://online.uni-prosperity.com.tw/on/demandware.static/-/Sites-uniprosperity-tw-m-inner/default/dwabee0837/images/large/1451013800101_NR_00.jpg
1451021700101,天生好米履歷鷺巡芋香米2kg,米麵與食用油,米,2Kg公斤 x 1 x 1PACK包,209,https://online.uni-prosperity.com.tw/zh/%E5%A4%A9%E7%94%9F%E5%A5%BD%E7%B1%B3/1451021700101.html,https://online.uni-prosperity.com.tw/on/demandware.static/-/Sites-uniprosperity-tw-m-inner/default/dw9f59a3be/images/large/1451021700101_NR_00.jpg
1451020400101,天生好米履歷鷺巡一等白米2.2kg,米麵與食用油,米,2.2Kg公斤 x 1 x 1PACK包,209,https://online.uni-prosperity.com.tw/zh/%E5%A4%A9%E7%94%9F%E5%A5%BD%E7%B1%B3/1451020400101.html,https://online.uni-prosperity.com.tw/on/demandware.static/-/Sites-uniprosperity-tw-m-inner/default/dwb5152b64/images/large/1451020400101_NR_00.jpg
1451010300101,樂米穀場 池上壹等特賞米6kg,米麵與食用油,米,6Kg公斤 x 1 x 1Bag包,469,https://online.uni-prosperity.com.tw/zh/%E6%A8%82%E7%B1%B3%E7%A9%80%E5%A0%B4/1451010300101.html,https://online.uni-prosperity.com.tw/on/demandware.static/-/Sites-uniprosperity-tw-m-inner/default/dw9d645acf/images/large/1451010300101_NR_00.jpg
1451008800112,[箱購]天生好米花東生態台梗9號米1.5Kgx 12Bag包(箱購依實際收貨為主，無法保證原封箱出貨),米麵與食用油,米,1.5Kg公斤 x 1 x 12Bag包,1908,https://online.uni-prosperity.com.tw/zh/%E5%A4%A9%E7%94%9F%E5%A5%BD%E7%B1%B3/1451008800112.html,https://online.uni-prosperity.com.tw/on/demandware.static/-/Sites-uniprosperity-tw-m-inner/default/dw30bef2e5/images/large/1451008800101_NR_00.jpg
1451014000101,天生好米月之米(圓二)2kg,米麵與食用油,米,2Kg公斤 x 1 x 1Bag包,169,https://online.uni-prosperity.com.tw/zh/%E5%A4%A9%E7%94%9F%E5%A5%BD%E7%B1%B3/1451014000101.html,https://online.uni-prosperity.com.tw/on/demandware.static/-/Sites-uniprosperity-tw-m-inner/default/dw406160a0/images/large/1451014000101_NR_00.jpg
1451007300101,樂米穀場 花蓮富里產若雪之研 1.5kg,米麵與食用油,米,1.5Kg公斤 x 1 x 1Bag包,169,https://online.uni-prosperity.com.tw/zh/%E6%A8%82%E7%B1%B3%E7%A9%80%E5%A0%B4/1451007300101.html,https://online.uni-prosperity.com.tw/on/demandware.static/-/Sites-uniprosperity-tw-m-inner/default/dwb81c225f/images/large/1451007300101_NR_00.jpg
1451015000101,天生好米嚴選月之米6kg,米麵與食用油,米,6Kg公斤 x 1 x 1PACK包,469,https://online.uni-prosperity.com.tw/zh/%E5%A4%A9%E7%94%9F%E5%A5%BD%E7%B1%B3/1451015000101.html,https://online.uni-prosperity.com.tw/on/demandware.static/-/Sites-uniprosperity-tw-m-inner/default/dw51fa3419/images/large/1451015000101_NR_00.jpg
1451020600101,富里農會有機白米1.5kg,米麵與食用油,米,1.5Kg公斤 x 1 x 1PACK包,209,https://online.uni-prosperity.com.tw/zh/%E5%AF%8C%E9%87%8C%E8%BE%B2%E6%9C%83/1451020600101.html,https://online.uni-prosperity.com.tw/on/demandware.static/-/Sites-uniprosperity-tw-m-inner/default/dw2ba866cc/images/large/1451020600101_NR_00.jpg
1451016900101,就是好米契作一等米 3Kg,米麵與食用油,米,3Kg公斤 x 1 x 1PACK包,225,https://online.uni-prosperity.com.tw/zh/%E4%B8%89%E5%A5%BD%E7%B1%B3/1451016900101.html,https://online.uni-prosperity.com.tw/on/demandware.static/-/Sites-uniprosperity-tw-m-inner/default/dwfe53e570/images/large/1451016900101_NR_00.jpg
1451028300101,樂米穀場-台東池上產新月艷姬1.5kg,米麵與食用油,米,1.5Kg公斤 x 1 x 1PACK包,169,https://online.uni-prosperity.com.tw/zh/%E6%A8%82%E7%B1%B3%E7%A9%80%E5%A0%B4/1451028300101.html,https://online.uni-prosperity.com.tw/on/demandware.static/-/Sites-uniprosperity-tw-m-inner/default/dwe8b9c829/images/large/1451028300101_NR_00.jpg
1451008100101,樂米穀場台東池上產沐月星空米1.5Kg,米麵與食用油,米,1.5Kg公斤 x 1 x 1Bag包,229,https://online.uni-prosperity.com.tw/zh/%E6%A8%82%E7%B1%B3%E7%A9%80%E5%A0%B4/1451008100101.html,https://online.uni-prosperity.com.tw/on/demandware.static/-/Sites-uniprosperity-tw-m-inner/default/dw2eab49c5/images/large/1451008100101_NR_00.jpg
1450207700103,統一肉燥碗麵-85gx3,米麵與食用油,泡麵,85g克 x 1 x 3Bowl碗,57,https://online.uni-prosperity.com.tw/zh/%E7%B5%B1%E4%B8%80/1450207700103.html,https://online.uni-prosperity.com.tw/on/demandware.static/-/Sites-uniprosperity-tw-m-inner/default/dw24e15c29/images/large/1450207700103_NR_00.jpg
1450200400102,一度贊-爌肉(碗) 200g,米麵與食用油,泡麵,200g克 x 1 x 2Bowl碗,86,https://online.uni-prosperity.com.tw/zh/%E7%B6%AD%E5%8A%9B/1450200400102.html,https://online.uni-prosperity.com.tw/on/demandware.static/-/Sites-uniprosperity-tw-m-inner/default/dw5ea5804b/images/large/0181907_-200g.jpeg
1450201400103,來一客-肉燥菠菜-67g,米麵與食用油,泡麵,67g克 x 1 x 3Bowl碗,65,https://online.uni-prosperity.com.tw/zh/%E7%B5%B1%E4%B8%80/1450201400103.html,https://online.uni-prosperity.com.tw/on/demandware.static/-/Sites-uniprosperity-tw-m-inner/default/dw9bd9d8b6/images/large/1450201400103_NR_00.jpg
1450001000103,統一阿Q雞汁排骨(碗) 107gx3,米麵與食用油,泡麵,107g克 x 1 x 3Bowl碗,90,https://online.uni-prosperity.com.tw/zh/%E7%B5%B1%E4%B8%80/1450001000103.html,https://online.uni-prosperity.com.tw/on/demandware.static/-/Sites-uniprosperity-tw-m-inner/default/dw9212850d/images/large/1450001000103_NR_00.jpg
1450106300103,統一蔥燒牛肉碗麵 90g,米麵與食用油,泡麵,90g克 x 1 x 3Bowl碗,57,https://online.uni-prosperity.com.tw/zh/%E7%B5%B1%E4%B8%80/1450106300103.html,https://online.uni-prosperity.com.tw/on/demandware.static/-/Sites-uniprosperity-tw-m-inner/default/dw73116254/images/large/1450106300103_NR_00.jpg
1450200400112,一度贊-爌肉(碗) 200g(箱購依實際收貨為主，無法保證原封箱出貨),米麵與食用油,泡麵,200g克 x 1 x 12Bowl碗,514,https://online.uni-prosperity.com.tw/zh/%E7%B6%AD%E5%8A%9B/1450200400112.html,https://online.uni-prosperity.com.tw/on/demandware.static/-/Sites-uniprosperity-tw-m-inner/default/dw7262116b/images/large/0181908_-200g.jpeg
1450202600102,滿漢大餐蔥燒豬肉麵(碗)193g,米麵與食用油,泡麵,193g克 x 1 x 2Bowl碗,100,https://online.uni-prosperity.com.tw/zh/%E7%B5%B1%E4%B8%80/1450202600102.html,https://online.uni-prosperity.com.tw/on/demandware.static/-/Sites-uniprosperity-tw-m-inner/default/dw403c4ca0/images/large/1450202600102_NR_00.jpg
1450104500103,來一客川辣牛肉-67g,米麵與食用油,泡麵,67g克 x 1 x 3Cup杯,65,https://online.uni-prosperity.com.tw/zh/%E7%B5%B1%E4%B8%80/1450104500103.html,https://online.uni-prosperity.com.tw/on/demandware.static/-/Sites-uniprosperity-tw-m-inner/default/dwf997fc70/images/large/1450104500103_NR_00.png
1450301300103,統一鮮蝦碗麵-83g,米麵與食用油,泡麵,83g克 x 1 x 3Bowl碗,57,https://online.uni-prosperity.com.tw/zh/%E7%B5%B1%E4%B8%80/1450301300103.html,https://online.uni-prosperity.com.tw/on/demandware.static/-/Sites-uniprosperity-tw-m-inner/default/dwf2d14bf8/images/large/1450301300103_NR_00.jpg
1450301900103,統一阿Q桶麵生猛海鮮(碗)98gx3,米麵與食用油,泡麵,98g克 x 1 x 3Bucket桶,90,https://online.uni-prosperity.com.tw/zh/%E7%B5%B1%E4%B8%80/1450301900103.html,https://online.uni-prosperity.com.tw/on/demandware.static/-/Sites-uniprosperity-tw-m-inner/default/dw76fa67f5/images/large/1450301900103_NR_00.jpg
1450001300103,味味A小排骨雞麵(碗)90gx3,米麵與食用油,泡麵,90g克 x 1 x 3Bowl碗,57,https://online.uni-prosperity.com.tw/zh/%E5%91%B3%E5%91%B3/1450001300103.html,https://online.uni-prosperity.com.tw/on/demandware.static/-/Sites-uniprosperity-tw-m-inner/default/dwccf216ce/images/large/0101880_a-90g.jpeg
1450101100102,滿漢大餐珍味牛肉麵(碗)187g,米麵與食用油,泡麵,187g克 x 1 x 2Bowl碗,100,https://online.uni-prosperity.com.tw/zh/%E7%B5%B1%E4%B8%80/1450101100102.html,https://online.uni-prosperity.com.tw/on/demandware.static/-/Sites-uniprosperity-tw-m-inner/default/dwa5f4b639/images/large/1450101100102_NR_00.jpg
1450205400102,味味一品原汁珍味爌肉(碗)190g,米麵與食用油,泡麵,190g克 x 1 x 2Bowl碗,94,https://online.uni-prosperity.com.tw/zh/%E5%91%B3%E4%B8%B9/1450205400102.html,https://online.uni-prosperity.com.tw/on/demandware.static/-/Sites-uniprosperity-tw-m-inner/default/dw050497dc/images/large/0239753_190g.jpeg
1450201100103,來一客-京燉肉骨 71g,米麵與食用油,泡麵,71g克 x 1 x 3Bowl碗,65,https://online.uni-prosperity.com.tw/zh/%E7%B5%B1%E4%B8%80/1450201100103.html,https://online.uni-prosperity.com.tw/on/demandware.static/-/Sites-uniprosperity-tw-m-inner/default/dwd9270dbd/images/large/1450201100103_NR_00.jpg
1461000100101,統一大豆沙拉油760ml,米麵與食用油,食用油,760ml毫升 x 1 x 1Bottle瓶,79,https://online.uni-prosperity.com.tw/zh/%E7%B5%B1%E4%B8%80/1461000100101.html,https://online.uni-prosperity.com.tw/on/demandware.static/-/Sites-uniprosperity-tw-m-inner/default/dwbc11ac83/images/large/1461000100101_NR_00.png
1461501200101,維義油之鑽127鑽石級調合油750ml,米麵與食用油,食用油,750ml毫升 x 1 x 1Bottle瓶,179,https://online.uni-prosperity.com.tw/zh/%E7%B6%AD%E7%BE%A9/1461501200101.html,https://online.uni-prosperity.com.tw/on/demandware.static/-/Sites-uniprosperity-tw-m-inner/default/dwa4bddaf4/images/large/0265119_127.jpeg
1461512200101,得意的一天日本玄米油2.4L,米麵與食用油,食用油,2.4L公升 x 1 x 1BOTTLE瓶,395,https://online.uni-prosperity.com.tw/zh/%E5%BE%97%E6%84%8F%E7%9A%84%E4%B8%80%E5%A4%A9/1461512200101.html,https://online.uni-prosperity.com.tw/on/demandware.static/-/Sites-uniprosperity-tw-m-inner/default/dw7da4ad6f/images/large/1461512200101_NR_00.jpg
1461513300101,泰山玄米油1.5L,米麵與食用油,食用油,1.5L公升 x 1 x 1Bottle瓶,284,https://online.uni-prosperity.com.tw/zh/%E6%B3%B0%E5%B1%B1/1461513300101.html,https://online.uni-prosperity.com.tw/on/demandware.static/-/Sites-uniprosperity-tw-m-inner/default/dwe8b44d73/images/large/1461513300101_NR_00.png
1461300600101,得意的一天100％純芥花油3.75L,米麵與食用油,食用油,3.75L公升 x 1 x 1Bottle瓶,354,https://online.uni-prosperity.com.tw/zh/%E5%BE%97%E6%84%8F%E7%9A%84%E4%B8%80%E5%A4%A9/1461300600101.html,https://online.uni-prosperity.com.tw/on/demandware.static/-/Sites-uniprosperity-tw-m-inner/default/dwce797e13/images/large/1461300600101_NR_00.jpg
1461511400101,泰山玄米油600ml,米麵與食用油,食用油,600ml毫升 x 1 x 1BOX箱,109,https://online.uni-prosperity.com.tw/zh/%E6%B3%B0%E5%B1%B1/1461511400101.html,https://online.uni-prosperity.com.tw/on/demandware.static/-/Sites-uniprosperity-tw-m-inner/default/dw63605ca4/images/large/1461511400101_NR_00.png
1461100900101,福壽 100％純葵花油 2000毫升,米麵與食用油,食用油,2L公升 x 1 x 1Bottle瓶,249,https://online.uni-prosperity.com.tw/zh/%E7%A6%8F%E5%A3%BD/1461100900101.html,https://online.uni-prosperity.com.tw/on/demandware.static/-/Sites-uniprosperity-tw-m-inner/default/dw41b14e2e/images/large/1461100900101_NR_00.jpg
1461302400101,統一清爽家芥花油2L,米麵與食用油,食用油,2000ml毫升 x 1 x 1Can罐,209,https://online.uni-prosperity.com.tw/zh/%E7%B5%B1%E4%B8%80/1461302400101.html,https://online.uni-prosperity.com.tw/on/demandware.static/-/Sites-uniprosperity-tw-m-inner/default/dw831f8a38/images/large/1461302400101_NR_00.png
1461101400101,台糖100％葵花油 2L,米麵與食用油,食用油,2L公升 x 1 x 1Bottle瓶,219,https://online.uni-prosperity.com.tw/zh/%E5%8F%B0%E7%B3%96/1461101400101.html,https://online.uni-prosperity.com.tw/on/demandware.static/-/Sites-uniprosperity-tw-m-inner/default/dw4efefa41/images/large/1461101400101_NR_00.png
1461201800201,得意的一天橄欖油 1000ml,米麵與食用油,食用油,1000ml毫升 x 1 x 1Bottle瓶,473,https://online.uni-prosperity.com.tw/zh/%E5%BE%97%E6%84%8F%E7%9A%84%E4%B8%80%E5%A4%A9/1461201800201.html,https://online.uni-prosperity.com.tw/on/demandware.static/-/Sites-uniprosperity-tw-m-inner/default/dwe0e7988e/images/large/0247373_-1000ml.jpeg
1461302600101,得意的一天芥花油2.4L,米麵與食用油,食用油,2.4L公升 x 1 x 1Bottle瓶,227,https://online.uni-prosperity.com.tw/zh/%E5%BE%97%E6%84%8F%E7%9A%84%E4%B8%80%E5%A4%A9/1461302600101.html,https://online.uni-prosperity.com.tw/on/demandware.static/-/Sites-uniprosperity-tw-m-inner/default/dw928182ba/images/large/1461302600101_NR_00.jpg
1461102400101,統一生機葵花籽油,米麵與食用油,食用油,500ml毫升 x 1 x 1BOTTLE瓶,159,https://online.uni-prosperity.com.tw/zh/%E7%B5%B1%E4%B8%80/1461102400101.html,https://online.uni-prosperity.com.tw/on/demandware.static/-/Sites-uniprosperity-tw-m-inner/default/dw128e6e08/images/large/1461102400101.jpg
1461390000101,泰山純芥花油380ml,米麵與食用油,食用油,380ml毫升 x 1 x 1Bottle瓶,59,https://online.uni-prosperity.com.tw/zh/%E6%B3%B0%E5%B1%B1/1461390000101.html,https://online.uni-prosperity.com.tw/on/demandware.static/-/Sites-uniprosperity-tw-m-inner/default/dwb7f5889b/images/large/1461390000101_NR_00.png
1461502100101,日正特級麻油,米麵與食用油,食用油,500ml毫升 x 1 x 1Bottle瓶,209,https://online.uni-prosperity.com.tw/zh/%E6%97%A5%E6%AD%A3/1461502100101.html,https://online.uni-prosperity.com.tw/on/demandware.static/-/Sites-uniprosperity-tw-m-inner/default/dw9270cc18/images/large/0204968.jpeg
1482003500101,【全素】大茂菜心375g,調味與沖泡食品,罐頭,375g克 x 1 x 1Bottle瓶,55,https://online.uni-prosperity.com.tw/zh/%E5%A4%A7%E8%8C%82/1482003500101.html,https://online.uni-prosperity.com.tw/on/demandware.static/-/Sites-uniprosperity-tw-m-inner/default/dwbc149dcb/images/large/1482003500101.png
1483102200103,遠洋牌香辣燒鰻-100g,調味與沖泡食品,罐頭,100g克 x 1 x 3Can罐,117,https://online.uni-prosperity.com.tw/zh/1483102200103.html,https://online.uni-prosperity.com.tw/on/demandware.static/-/Sites-uniprosperity-tw-m-inner/default/dwcacb46a3/images/large/0118604_100g.jpeg
1481001600124,[箱購]牛頭牌金鑽玉米粒340g x 24Can罐(箱購依實際收貨為主，無法保證原封箱出貨),調味與沖泡食品,罐頭,340g克 x 1 x 24Can罐,792,https://online.uni-prosperity.com.tw/zh/%E7%89%9B%E9%A0%AD%E7%89%8C/1481001600124.html,https://online.uni-prosperity.com.tw/on/demandware.static/-/Sites-uniprosperity-tw-m-inner/default/dw54b0f856/images/large/1481001600103.png
1483004000103,同榮水煮鮪魚(煙仔虎)180g,調味與沖泡食品,罐頭,180g克 x 1 x 3Can罐,109,https://online.uni-prosperity.com.tw/zh/%E5%90%8C%E6%A6%AE/1483004000103.html,https://online.uni-prosperity.com.tw/on/demandware.static/-/Sites-uniprosperity-tw-m-inner/default/dwb4a40d95/images/large/1483004000103-202602.jpg
1481001600103,牛頭牌金鑽玉米粒340g,調味與沖泡食品,罐頭,340g克 x 1 x 3Can罐,99,https://online.uni-prosperity.com.tw/zh/%E7%89%9B%E9%A0%AD%E7%89%8C/1481001600103.html,https://online.uni-prosperity.com.tw/on/demandware.static/-/Sites-uniprosperity-tw-m-inner/default/dwbb38a8b7/images/large/1481001600103_NR_00.jpg
1483102100103,遠洋牌紅燒鰻100g,調味與沖泡食品,罐頭,100g克 x 1 x 3Can罐,117,https://online.uni-prosperity.com.tw/zh/1483102100103.html,https://online.uni-prosperity.com.tw/on/demandware.static/-/Sites-uniprosperity-tw-m-inner/default/dwf07f4b20/images/large/0031747_100g.jpeg
1482001300103,【純素】愛之味壺底蔭瓜140g,調味與沖泡食品,罐頭,140g克 x 1 x 3Can罐,102,https://online.uni-prosperity.com.tw/zh/%E6%84%9B%E4%B9%8B%E5%91%B3/1482001300103.html,https://online.uni-prosperity.com.tw/on/demandware.static/-/Sites-uniprosperity-tw-m-inner/default/dw3b12dba2/images/large/0005323_140g.jpeg
1481100600103,台糖特級玉米醬425g(易開),調味與沖泡食品,罐頭,425g克 x 1 x 3Can罐,129,https://online.uni-prosperity.com.tw/zh/%E5%8F%B0%E7%B3%96/1481100600103.html,https://online.uni-prosperity.com.tw/on/demandware.static/-/Sites-uniprosperity-tw-m-inner/default/dw190ea2f3/images/large/1481100600103.jpg
1483002900103,海底雞鮮之味片狀 150g,調味與沖泡食品,罐頭,150g克 x 1 x 3Can罐,192,https://online.uni-prosperity.com.tw/zh/1483002900103.html,https://online.uni-prosperity.com.tw/on/demandware.static/-/Sites-uniprosperity-tw-m-inner/default/dwdcbaeca1/images/large/0028314_-150g.jpeg
1481100700108,[箱購]綠巨人珍珠玉米醬(3入組)x 8組/箱(箱購依實際收貨為主，無法保證原封箱出貨),調味與沖泡食品,罐頭,425g克 x 3 x 8Can罐,1352,https://online.uni-prosperity.com.tw/zh/%E7%B6%A0%E5%B7%A8%E4%BA%BA/1481100700108.html,https://online.uni-prosperity.com.tw/on/demandware.static/-/Sites-uniprosperity-tw-m-inner/default/dw81e999dc/images/large/1481100700103.jpg
1483101100103,紅鷹牌香辣紅燒鰻100g,調味與沖泡食品,罐頭,100g克 x 1 x 3Can罐,135,https://online.uni-prosperity.com.tw/zh/%E7%B4%85%E9%B7%B9%E7%89%8C/1483101100103.html,https://online.uni-prosperity.com.tw/on/demandware.static/-/Sites-uniprosperity-tw-m-inner/default/dwe5493dda/images/large/0014797_100g.jpeg
1483100900103,同榮辣味燒鰻(易開罐)100g,調味與沖泡食品,罐頭,100g克 x 1 x 3Can罐,119,https://online.uni-prosperity.com.tw/zh/%E5%90%8C%E6%A6%AE/1483100900103.html,https://online.uni-prosperity.com.tw/on/demandware.static/-/Sites-uniprosperity-tw-m-inner/default/dw7d2d8971/images/large/0253862_-100g.jpeg
1483200300103,紅鷹牌蕃茄汁鯖魚(黃罐) 220g,調味與沖泡食品,罐頭,220g克 x 1 x 3Can罐,150,https://online.uni-prosperity.com.tw/zh/%E7%B4%85%E9%B7%B9%E7%89%8C/1483200300103.html,https://online.uni-prosperity.com.tw/on/demandware.static/-/Sites-uniprosperity-tw-m-inner/default/dwf6aee701/images/large/0014800_-220g.jpeg
1482100600101,【全素】金蘭筍茸350g,調味與沖泡食品,罐頭,350g克 x 1 x 1Can罐,58,https://online.uni-prosperity.com.tw/zh/%E9%87%91%E8%98%AD/1482100600101.html,https://online.uni-prosperity.com.tw/on/demandware.static/-/Sites-uniprosperity-tw-m-inner/default/dwa0eaf71c/images/large/0182168_350g.jpeg
1461602300101,工研糯米醋600ml,調味與沖泡食品,調味品,600ml毫升 x 1 x 1Bottle瓶,46,https://online.uni-prosperity.com.tw/zh/%E5%B7%A5%E7%A0%94%E9%85%A2/1461602300101.html,https://online.uni-prosperity.com.tw/on/demandware.static/-/Sites-uniprosperity-tw-m-inner/default/dw9a0d6af0/images/large/1461602300101_NR_00.jpg
1463389800101,牛頭牌沙茶醬 250g,調味與沖泡食品,調味品,250g克 x 1 x 1Can罐,105,https://online.uni-prosperity.com.tw/zh/%E7%89%9B%E9%A0%AD%E7%89%8C/1463389800101.html,https://online.uni-prosperity.com.tw/on/demandware.static/-/Sites-uniprosperity-tw-m-inner/default/dwac271eef/images/large/1463389800101_NR_00.jpg
1462000600101,龜甲萬甘醇薄鹽醬油1600ml,調味與沖泡食品,調味品,1600ml毫升 x 1 x 1Bottle瓶,115,https://online.uni-prosperity.com.tw/zh/%E9%BE%9C%E7%94%B2%E8%90%AC/1462000600101.html,https://online.uni-prosperity.com.tw/on/demandware.static/-/Sites-uniprosperity-tw-m-inner/default/dw7da78ce9/images/large/1462000600101_NR_00.png
1461600600101,工研烏醋 600g,調味與沖泡食品,調味品,600g克 x 1 x 1Bottle瓶,43,https://online.uni-prosperity.com.tw/zh/%E5%B7%A5%E7%A0%94%E9%85%A2/1461600600101.html,https://online.uni-prosperity.com.tw/on/demandware.static/-/Sites-uniprosperity-tw-m-inner/default/dwf907b339/images/large/1461600600101_NR_00.jpg
1462101700101,【純素】萬家香香菇素蠔油 4.4Kg,調味與沖泡食品,調味品,4400g克 x 1 x 1Bucket桶,215,https://online.uni-prosperity.com.tw/zh/%E8%90%AC%E5%AE%B6%E9%A6%99/1462101700101.html,https://online.uni-prosperity.com.tw/on/demandware.static/-/Sites-uniprosperity-tw-m-inner/default/dw79b7cf31/images/large/0005214_-44kg.jpeg
1463393400101,康寶排骨風味湯塊-100g,調味與沖泡食品,調味品,100g克 x 1 x 1BOX盒,40,https://online.uni-prosperity.com.tw/zh/knorr%E5%BA%B7%E5%AF%B6/1463393400101.html,https://online.uni-prosperity.com.tw/on/demandware.static/-/Sites-uniprosperity-tw-m-inner/default/dw3338b31e/images/large/1463393400101_NR_00.jpg
1463262800101,牛頭牌沙茶醬737g,調味與沖泡食品,調味品,737g克 x 1 x 1CAN罐,220,https://online.uni-prosperity.com.tw/zh/%E7%89%9B%E9%A0%AD%E7%89%8C/1463262800101.html,https://online.uni-prosperity.com.tw/on/demandware.static/-/Sites-uniprosperity-tw-m-inner/default/dw69745cda/images/large/1463262800101_NR_00.jpg
1460001100101,台鹽美味含碘鹽300g,調味與沖泡食品,調味品,300g克 x 1 x 1Can罐,50,https://online.uni-prosperity.com.tw/zh/%E5%8F%B0%E9%B9%BD/1460001100101.html,https://online.uni-prosperity.com.tw/on/demandware.static/-/Sites-uniprosperity-tw-m-inner/default/dw5b6085e9/images/large/1460001100101.jpg
1462001400101,龜甲萬甘醇醬油1600ml,調味與沖泡食品,調味品,1600ml毫升 x 1 x 1Bottle瓶,112,https://online.uni-prosperity.com.tw/zh/%E7%B5%B1%E4%B8%80/1462001400101.html,https://online.uni-prosperity.com.tw/on/demandware.static/-/Sites-uniprosperity-tw-m-inner/default/dwb08675d0/images/large/1462001400101_NR_00.png
1463393700101,【奶素】新康寶香菇湯塊100g,調味與沖泡食品,調味品,100g克 x 1 x 1BOX盒,45,https://online.uni-prosperity.com.tw/zh/knorr%E5%BA%B7%E5%AF%B6/1463393700101.html,https://online.uni-prosperity.com.tw/on/demandware.static/-/Sites-uniprosperity-tw-m-inner/default/dwec2177c2/images/large/1463393700101_NR_00.jpg
1462090700101,四季釀造醬油1600ml,調味與沖泡食品,調味品,1600ml毫升 x 1 x 1BOTTLE瓶,102,https://online.uni-prosperity.com.tw/zh/%E7%B5%B1%E4%B8%80/1462090700101.html,https://online.uni-prosperity.com.tw/on/demandware.static/-/Sites-uniprosperity-tw-m-inner/default/dw5b5c51e1/images/large/1462090700101_NR_00.png
1460001300101,台鹽減鈉含碘鹽300g,調味與沖泡食品,調味品,300g克 x 1 x 1Can罐,50,https://online.uni-prosperity.com.tw/zh/%E5%8F%B0%E9%B9%BD/1460001300101.html,https://online.uni-prosperity.com.tw/on/demandware.static/-/Sites-uniprosperity-tw-m-inner/default/dwa8efd88e/images/large/1460001300101.jpg
1474102600101,日正起司脆酥粉 500g,調味與沖泡食品,調味品,500g克 x 1 x 1Pack包,69,https://online.uni-prosperity.com.tw/zh/%E6%97%A5%E6%AD%A3/1474102600101.html,https://online.uni-prosperity.com.tw/on/demandware.static/-/Sites-uniprosperity-tw-m-inner/default/dwb1e048e3/images/large/0093292_500g.jpeg
1460000600101,台鹽美味含碘鹽600g,調味與沖泡食品,調味品,600g克 x 1 x 1Can罐,90,https://online.uni-prosperity.com.tw/zh/%E5%8F%B0%E9%B9%BD/1460000600101.html,https://online.uni-prosperity.com.tw/on/demandware.static/-/Sites-uniprosperity-tw-m-inner/default/dwe2c122bf/images/large/1460000600101.jpg
1430399200101,摩卡香麥奶茶 18g x24,調味與沖泡食品,茶包,18g克 x 24 x 1Bag袋,118,https://online.uni-prosperity.com.tw/zh/%E6%91%A9%E5%8D%A1/1430399200101.html,https://online.uni-prosperity.com.tw/on/demandware.static/-/Sites-uniprosperity-tw-m-inner/default/dw78d2f4f0/images/large/1430399200101_NR_00.jpg
1430302400101,3點1刻日月潭奶茶,調味與沖泡食品,茶包,20g克 x 15 x 1Bag袋,189,https://online.uni-prosperity.com.tw/zh/1430302400101.html,https://online.uni-prosperity.com.tw/on/demandware.static/-/Sites-uniprosperity-tw-m-inner/default/dw15c65878/images/large/0027353_31.jpeg
1430419400101,義美冰糖杏仁茶30g x13,調味與沖泡食品,茶包,30g克 x 13 x 1Bag包,116,https://online.uni-prosperity.com.tw/zh/%E7%BE%A9%E7%BE%8E/1430419400101.html,https://online.uni-prosperity.com.tw/on/demandware.static/-/Sites-uniprosperity-tw-m-inner/default/dw9d64560f/images/large/0195631.jpeg
1430402800101,天仁茉莉花茶防潮包 2g x100,調味與沖泡食品,茶包,2g克 x 100 x 1Bag袋,169,https://online.uni-prosperity.com.tw/zh/%E5%A4%A9%E4%BB%81/1430402800101.html,https://online.uni-prosperity.com.tw/on/demandware.static/-/Sites-uniprosperity-tw-m-inner/default/dwa359b9e2/images/large/0035676.jpeg
1430202400101,天仁茉香綠茶防潮包 2g x100,調味與沖泡食品,茶包,2g克 x 100 x 1Box盒,169,https://online.uni-prosperity.com.tw/zh/%E5%A4%A9%E4%BB%81/1430202400101.html,https://online.uni-prosperity.com.tw/on/demandware.static/-/Sites-uniprosperity-tw-m-inner/default/dwe9b1c482/images/large/0035672.jpeg
1430400800101,天仁原片黃金玄米茶,調味與沖泡食品,茶包,3g克 x 40 x 1Box盒,140,https://online.uni-prosperity.com.tw/zh/%E5%A4%A9%E4%BB%81/1430400800101.html,https://online.uni-prosperity.com.tw/on/demandware.static/-/Sites-uniprosperity-tw-m-inner/default/dw8b0cf68d/images/large/0027375.jpeg
1430101800101,天仁台灣茗品金萱烏龍茶,調味與沖泡食品,茶包,450g克 x 1 x 1Can罐,459,https://online.uni-prosperity.com.tw/zh/%E5%A4%A9%E4%BB%81/1430101800101.html,https://online.uni-prosperity.com.tw/on/demandware.static/-/Sites-uniprosperity-tw-m-inner/default/dwf452aa72/images/large/1430101800101_NR_00.png
1430002500101,天仁阿薩姆紅茶防潮包,調味與沖泡食品,茶包,2g克 x 100 x 1BOX盒,165,https://online.uni-prosperity.com.tw/zh/%E5%A4%A9%E4%BB%81/1430002500101.html,https://online.uni-prosperity.com.tw/on/demandware.static/-/Sites-uniprosperity-tw-m-inner/default/dw75c24955/images/large/0064009.jpeg
1430302600101,3點1刻沖繩黑糖奶茶,調味與沖泡食品,茶包,20g克 x 15 x 1Bag袋,189,https://online.uni-prosperity.com.tw/zh/1430302600101.html,https://online.uni-prosperity.com.tw/on/demandware.static/-/Sites-uniprosperity-tw-m-inner/default/dwff1e2c13/images/large/0027354_31.jpeg
1430110800101,立頓茗閒情100%台灣茶-凍頂烏龍茶-100.8g(2.8gx36),調味與沖泡食品,茶包,100.8g克 x 1 x 1Bag包,165,https://online.uni-prosperity.com.tw/zh/%E7%AB%8B%E9%A0%93/1430110800101.html,https://online.uni-prosperity.com.tw/on/demandware.static/-/Sites-uniprosperity-tw-m-inner/default/dw0fdbbbb1/images/large/1430110800101_NR_00.jpg
1430101700101,天仁台灣茗品精焙烏龍茶,調味與沖泡食品,茶包,450g克 x 1 x 1Can罐,459,https://online.uni-prosperity.com.tw/zh/%E5%A4%A9%E4%BB%81/1430101700101.html,https://online.uni-prosperity.com.tw/on/demandware.static/-/Sites-uniprosperity-tw-m-inner/default/dw6b95d119/images/large/1430101700101_NR_00.png
1430397600101,立頓減糖原味奶茶17g x20,調味與沖泡食品,茶包,17g克 x 20 x 1Bag袋,150,https://online.uni-prosperity.com.tw/zh/%E7%AB%8B%E9%A0%93/1430397600101.html,https://online.uni-prosperity.com.tw/on/demandware.static/-/Sites-uniprosperity-tw-m-inner/default/dw83a4a3e7/images/large/1430397600101_NR_00.jpg
1430000300101,立頓茗閒情100％台灣茶-蜜香紅茶50.4g,調味與沖泡食品,茶包,50.4g克 x 1 x 1Bag包,169,https://online.uni-prosperity.com.tw/zh/%E7%AB%8B%E9%A0%93/1430000300101.html,https://online.uni-prosperity.com.tw/on/demandware.static/-/Sites-uniprosperity-tw-m-inner/default/dw8ad08135/images/large/1430000300101_NR_00.jpg
1430389900101,義美桂圓紅棗茶,調味與沖泡食品,茶包,15g克 x 12 x 1Bag袋,124,https://online.uni-prosperity.com.tw/zh/%E7%BE%A9%E7%BE%8E/1430389900101.html,https://online.uni-prosperity.com.tw/on/demandware.static/-/Sites-uniprosperity-tw-m-inner/default/dwdf18496f/images/large/0142056.jpeg
1220107700124,唯潔雅抽取式衛生紙100PCx24,家庭清潔與紙品,抽取式．平板．滾筒,100PC抽 x 1 x 24Box箱,219,https://online.uni-prosperity.com.tw/zh/%E5%94%AF%E6%BD%94%E9%9B%85/1220107700124.html,https://online.uni-prosperity.com.tw/on/demandware.static/-/Sites-uniprosperity-tw-m-inner/default/dwbae35a76/images/large/0275779.jpeg
1220110400124,優活抽取式衛生紙 100抽,家庭清潔與紙品,抽取式．平板．滾筒,100PC抽 x 1 x 24PacK包,219,https://online.uni-prosperity.com.tw/zh/%E5%84%AA%E6%B4%BB/1220110400124.html,https://online.uni-prosperity.com.tw/on/demandware.static/-/Sites-uniprosperity-tw-m-inner/default/dw47909def/images/large/1220110400124_NR_00.jpg
1220111500101,舒潔濕式衛生紙加蓋80抽x2,家庭清潔與紙品,抽取式．平板．滾筒,80PC抽 x 2 x 1SET組,199,https://online.uni-prosperity.com.tw/zh/%E8%88%92%E6%BD%94/1220111500101.html,https://online.uni-prosperity.com.tw/on/demandware.static/-/Sites-uniprosperity-tw-m-inner/default/dw26f636bf/images/large/1220111500101.png
1220106900124,春風柔膚感抽取式衛生紙-110PC,家庭清潔與紙品,抽取式．平板．滾筒,110PC抽 x 1 x 24PacK包,299,https://online.uni-prosperity.com.tw/zh/%E6%98%A5%E9%A2%A8/1220106900124.html,https://online.uni-prosperity.com.tw/on/demandware.static/-/Sites-uniprosperity-tw-m-inner/default/dw530221de/images/large/1220106900124_NR_00.jpg
1220103100124,得意優質抽取式衛生紙100PCx24,家庭清潔與紙品,抽取式．平板．滾筒,100PC抽 x 1 x 24Pack包,239,https://online.uni-prosperity.com.tw/zh/%E5%BE%97%E6%84%8F/1220103100124.html,https://online.uni-prosperity.com.tw/on/demandware.static/-/Sites-uniprosperity-tw-m-inner/default/dw10476d3c/images/large/1220103100124.jpg
1220189700102,舒潔女性專用濕式衛生紙40PC,家庭清潔與紙品,抽取式．平板．滾筒,40PC抽 x 1 x 2Bag包,129,https://online.uni-prosperity.com.tw/zh/kleenex-%E8%88%92%E6%BD%94/1220189700102.html,https://online.uni-prosperity.com.tw/on/demandware.static/-/Sites-uniprosperity-tw-m-inner/default/dwa130b25b/images/large/0265768.jpeg
1220110300124,倍潔雅抽取式衛生紙,家庭清潔與紙品,抽取式．平板．滾筒,100PC抽 x 1 x 24Bag包,223,https://online.uni-prosperity.com.tw/zh/%E5%80%8D%E6%BD%94%E9%9B%85/1220110300124.html,https://online.uni-prosperity.com.tw/on/demandware.static/-/Sites-uniprosperity-tw-m-inner/default/dw680fba7b/images/large/1220110300124_NR_00.jpg
1220101300110,五月花厚棒抽取式衛生紙FSC 90*10,家庭清潔與紙品,抽取式．平板．滾筒,90PC抽 x 1 x 10PC包,219,https://online.uni-prosperity.com.tw/zh/%E4%BA%94%E6%9C%88%E8%8A%B1/1220101300110.html,https://online.uni-prosperity.com.tw/on/demandware.static/-/Sites-uniprosperity-tw-m-inner/default/dwdaea6355/images/large/1220101300110_NR_00.jpg
1220001700106,情人平版衛生紙-300PC,家庭清潔與紙品,抽取式．平板．滾筒,300PC抽 x 1 x 6PC包,93,https://online.uni-prosperity.com.tw/zh/%E6%83%85%E4%BA%BA/1220001700106.html,https://online.uni-prosperity.com.tw/on/demandware.static/-/Sites-uniprosperity-tw-m-inner/default/dw2646b276/images/large/1220001700106_NR_00.jpg
1220189500101,春風濕拭衛生紙40PCx3,家庭清潔與紙品,抽取式．平板．滾筒,40PC抽 x 3 x 1Pack包,135,https://online.uni-prosperity.com.tw/zh/%E6%98%A5%E9%A2%A8/1220189500101.html,https://online.uni-prosperity.com.tw/on/demandware.static/-/Sites-uniprosperity-tw-m-inner/default/dw29365a72/images/large/1220189500101_NR_00.jpg
1220111900101,舒潔棉柔舒適抽取衛生紙FSC100抽30包,家庭清潔與紙品,抽取式．平板．滾筒,100PC抽 x 30 x 1Bag袋,366,https://online.uni-prosperity.com.tw/zh/1220111900101.html,https://online.uni-prosperity.com.tw/on/demandware.static/-/Sites-uniprosperity-tw-m-inner/default/dw8114a03b/images/large/1220111900101_NR_00.jpg
1220000600106,舒潔平版式衛生紙300PCx6,家庭清潔與紙品,抽取式．平板．滾筒,300PC張 x 1 x 6Pack包,159,https://online.uni-prosperity.com.tw/zh/kleenex-%E8%88%92%E6%BD%94/1220000600106.html,https://online.uni-prosperity.com.tw/on/demandware.static/-/Sites-uniprosperity-tw-m-inner/default/dw4fee556c/images/large/0115599.jpeg
1220103000120,舒潔萬用輕巧包衛生紙110PCx20,家庭清潔與紙品,抽取式．平板．滾筒,110PC抽 x 1 x 20Pack包,219,https://online.uni-prosperity.com.tw/zh/kleenex-%E8%88%92%E6%BD%94/1220103000120.html,https://online.uni-prosperity.com.tw/on/demandware.static/-/Sites-uniprosperity-tw-m-inner/default/dw80e5f545/images/large/1220103000120_NR_00.jpg
1220103700124,五月花蓬厚柔三層抽取衛生紙FSC100抽x24包,家庭清潔與紙品,抽取式．平板．滾筒,100PC抽 x 1 x 24PC包,425,https://online.uni-prosperity.com.tw/zh/%E4%BA%94%E6%9C%88%E8%8A%B1/1220103700124.html,https://online.uni-prosperity.com.tw/on/demandware.static/-/Sites-uniprosperity-tw-m-inner/default/dwd7760e7a/images/large/1220103700124_NR_00.jpg
1110309000106,[箱購]妙管家有酵洗衣精補充包-中性2000g克 x 6包/箱(箱購依實際收貨為主，無法保證原封箱出貨),家庭清潔與紙品,洗衣精 洗衣球,2000g克 x 1 x 6Pack包,330,https://online.uni-prosperity.com.tw/zh/%E5%A6%99%E7%AE%A1%E5%AE%B6/1110309000106.html,https://online.uni-prosperity.com.tw/on/demandware.static/-/Sites-uniprosperity-tw-m-inner/default/dw311b6549/images/large/1110309000101_NR_00.jpg
1110305000106,[箱購]妙管家有酵洗衣精補充包-亮彩2000g克 x 6包/箱(箱購依實際收貨為主，無法保證原封箱出貨),家庭清潔與紙品,洗衣精 洗衣球,2000g克 x 1 x 6Pack包,330,https://online.uni-prosperity.com.tw/zh/%E5%A6%99%E7%AE%A1%E5%AE%B6/1110305000106.html,https://online.uni-prosperity.com.tw/on/demandware.static/-/Sites-uniprosperity-tw-m-inner/default/dw406ca04a/images/large/1110305000101_NR_00.jpg
1110314300106,[箱購]南僑水晶肥皂洗衣用液體-櫻花百合NEW_1400g克 x 6PC包(箱購依實際收貨為主，無法保證原封箱出貨),家庭清潔與紙品,洗衣精 洗衣球,1400g克 x 1 x 6PC包,894,https://online.uni-prosperity.com.tw/zh/%E5%8D%97%E5%83%91%E6%B0%B4%E6%99%B6/1110314300106.html,https://online.uni-prosperity.com.tw/on/demandware.static/-/Sites-uniprosperity-tw-m-inner/default/dw8e935831/images/large/1110314300101_NR_00.png
1110308500101,白帥帥小蘇打抗菌洗衣精補充包-1650g,家庭清潔與紙品,洗衣精 洗衣球,1650g克 x 1 x 1PACK包,66,https://online.uni-prosperity.com.tw/zh/%E7%99%BD%E5%B8%A5%E5%B8%A5/1110308500101.html,https://online.uni-prosperity.com.tw/on/demandware.static/-/Sites-uniprosperity-tw-m-inner/default/dwe0dbfbb8/images/large/0252352.jpeg
1110315600106,[箱購]皂福無香精洗衣皂精補充包2000g克x 6包/箱(箱購依實際收貨為主，無法保證原封箱出貨),家庭清潔與紙品,洗衣精 洗衣球,2000g克 x 1 x 6Pack包,499,https://online.uni-prosperity.com.tw/zh/%E7%9A%82%E7%A6%8F/1110315600106.html,https://online.uni-prosperity.com.tw/on/demandware.static/-/Sites-uniprosperity-tw-m-inner/default/dw7c8c7bc3/images/large/1110315600101 -1 (1).jpg
1110501300101,DureeBalle洗衣凝膠球 奢華香水(65粒),家庭清潔與紙品,洗衣精 洗衣球,715g克 x 1 x 1Bag袋,459,https://online.uni-prosperity.com.tw/zh/dureeballe/1110501300101.html,https://online.uni-prosperity.com.tw/on/demandware.static/-/Sites-uniprosperity-tw-m-inner/default/dwf3f50159/images/large/1110501300101.jpg
1110321300108,[箱購]皂福冷壓橘油皂精補1500g克 x 8Bag袋(箱購依實際收貨為主，無法保證原封箱出貨),家庭清潔與紙品,洗衣精 洗衣球,1500g克 x 1 x 8Bag袋,476,https://online.uni-prosperity.com.tw/zh/%E7%9A%82%E7%A6%8F/1110321300108.html,https://online.uni-prosperity.com.tw/on/demandware.static/-/Sites-uniprosperity-tw-m-inner/default/dwdadd606c/images/large/1110321300101_NR_00.jpg
1110309400106,[箱購]清淨海環保洗衣精1800g克x 6瓶/箱(箱購依實際收貨為主，無法保證原封箱出貨),家庭清潔與紙品,洗衣精 洗衣球,1800g克 x 1 x 6Bottle瓶,570,https://online.uni-prosperity.com.tw/zh/%E6%B8%85%E6%B7%A8%E6%B5%B7/1110309400106.html,https://online.uni-prosperity.com.tw/on/demandware.static/-/Sites-uniprosperity-tw-m-inner/default/dwd4d9b28d/images/large/1110309400101_NR_00.jpg
1110331700101,一匙靈 ATTACK 抗菌EX防螨成分PLUS洗衣精(補充包)1.5kg,家庭清潔與紙品,洗衣精 洗衣球,1.5Kg公斤 x 1 x 1PC包,79,https://online.uni-prosperity.com.tw/zh/%E4%B8%80%E5%8C%99%E9%9D%88/1110331700101.html,https://online.uni-prosperity.com.tw/on/demandware.static/-/Sites-uniprosperity-tw-m-inner/default/dw5f26bcf7/images/large/1110331700101_NR_00.jpg
1110326600106,[箱購]南僑水晶室內晾抗菌防霉洗衣液體1200g x 6Bag包(箱購依實際收貨為主，無法保證原封箱出貨),家庭清潔與紙品,洗衣精 洗衣球,1200g克 x 1 x 6Bag包,1374,https://online.uni-prosperity.com.tw/zh/%E5%8D%97%E5%83%91%E6%B0%B4%E6%99%B6/1110326600106.html,https://online.uni-prosperity.com.tw/on/demandware.static/-/Sites-uniprosperity-tw-m-inner/default/dwceb83095/images/large/1110326600101_NR_00.png
1110302100106,[箱購]一匙靈抗菌EX強力消臭洗衣精補充包1.5Kg公斤 x 6Pack包/箱(箱購依實際收貨為主，無法保證原封箱出貨),家庭清潔與紙品,洗衣精 洗衣球,1.5Kg公斤 x 1 x 6Pack包,474,https://online.uni-prosperity.com.tw/zh/%E4%B8%80%E5%8C%99%E9%9D%88/1110302100106.html,https://online.uni-prosperity.com.tw/on/demandware.static/-/Sites-uniprosperity-tw-m-inner/default/dwa53cbef0/images/large/1110302100106_NR_00.jpg
1110318100106,[箱購]南僑水晶肥皂洗衣用液體-檸檬香茅NEW_1400g克 x 6包/箱(箱購依實際收貨為主，無法保證原封箱出貨),家庭清潔與紙品,洗衣精 洗衣球,1400g克 x 1 x 6PC包,894,https://online.uni-prosperity.com.tw/zh/%E5%8D%97%E5%83%91%E6%B0%B4%E6%99%B6/1110318100106.html,https://online.uni-prosperity.com.tw/on/demandware.static/-/Sites-uniprosperity-tw-m-inner/default/dwf0313291/images/large/1110318100101_NR_00.png
1110335400106,[箱購]茶樹莊園-茶樹天然濃縮抗菌洗衣精補充包1500g克 x 6包(箱購依實際收貨為主，無法保證原封箱出貨),家庭清潔與紙品,洗衣精 洗衣球,1500g克 x 1 x 6BOX箱,654,https://online.uni-prosperity.com.tw/zh/%E8%8C%B6%E6%A8%B9%E8%8E%8A%E5%9C%92/1110335400106.html,https://online.uni-prosperity.com.tw/on/demandware.static/-/Sites-uniprosperity-tw-m-inner/default/dw0ed36e5d/images/large/1110335400101.png
1110321200108,[箱購]皂福無香精天然酵素肥皂精補1500g克 x 8Bag袋(箱購依實際收貨為主，無法保證原封箱出貨),家庭清潔與紙品,洗衣精 洗衣球,1500g克 x 1 x 8Bag袋,476,https://online.uni-prosperity.com.tw/zh/%E7%9A%82%E7%A6%8F/1110321200108.html,https://online.uni-prosperity.com.tw/on/demandware.static/-/Sites-uniprosperity-tw-m-inner/default/dw12114056/images/large/0157587.jpeg
1105003500104,[箱購]白熊軟性洗碗精4Kg x 4瓶/箱(箱購依實際收貨為主，無法保證原封箱出貨),家庭清潔與紙品,洗碗精,4Kg公斤 x 1 x 4Bottle瓶,604,https://online.uni-prosperity.com.tw/zh/%E7%99%BD%E7%86%8A/1105003500104.html,https://online.uni-prosperity.com.tw/on/demandware.static/-/Sites-uniprosperity-tw-m-inner/default/dw76bbd9c3/images/large/0187786_4kg.jpeg
1105005300101,一滴淨蘆薈多酚食品用洗潔精-柑橘精油1000g,家庭清潔與紙品,洗碗精,1000g克 x 1 x 1Bottle瓶,179,https://online.uni-prosperity.com.tw/zh/%E6%A5%93%E5%BA%B7/1105005300101.html,https://online.uni-prosperity.com.tw/on/demandware.static/-/Sites-uniprosperity-tw-m-inner/default/dw4d203912/images/large/0270258.jpeg
1105001200101,泡舒洗潔精補充包-綠茶800g,家庭清潔與紙品,洗碗精,800g克 x 1 x 1Pack包,65,https://online.uni-prosperity.com.tw/zh/%E6%B3%A1%E8%88%92/1105001200101.html,https://online.uni-prosperity.com.tw/on/demandware.static/-/Sites-uniprosperity-tw-m-inner/default/dwcfb238ac/images/large/1105001200101.jpg
1105002000101,泡舒洗潔精補充包-檸檬800g,家庭清潔與紙品,洗碗精,800g克 x 1 x 1Pack包,59,https://online.uni-prosperity.com.tw/zh/%E6%B3%A1%E8%88%92/1105002000101.html,https://online.uni-prosperity.com.tw/on/demandware.static/-/Sites-uniprosperity-tw-m-inner/default/dw47f5f3ea/images/large/1105002000101_NR_00.jpg
1105017500101,珂珂透Cucute超濃縮洗碗凝露-葡萄柚香,家庭清潔與紙品,洗碗精,220ml毫升 x 1 x 1BOTTLE瓶,79,https://online.uni-prosperity.com.tw/zh/%E7%8F%82%E7%8F%82%E9%80%8F/1105017500101.html,https://online.uni-prosperity.com.tw/on/demandware.static/-/Sites-uniprosperity-tw-m-inner/default/dw08fc28a0/images/large/1105017500101_NR_00.jpg
1105001700101,泡舒抗菌洗潔精--檸檬2.8L,家庭清潔與紙品,洗碗精,2800g克 x 1 x 1Bottle瓶,198,https://online.uni-prosperity.com.tw/zh/%E6%B3%A1%E8%88%92/1105001700101.html,https://online.uni-prosperity.com.tw/on/demandware.static/-/Sites-uniprosperity-tw-m-inner/default/dwe8ec90bd/images/large/1105001700101.jpg
1105000400101,泡舒洗潔精-綠茶2.8L,家庭清潔與紙品,洗碗精,2800g克 x 1 x 1Bottle瓶,198,https://online.uni-prosperity.com.tw/zh/%E6%B3%A1%E8%88%92/1105000400101.html,https://online.uni-prosperity.com.tw/on/demandware.static/-/Sites-uniprosperity-tw-m-inner/default/dw94f01a54/images/large/1105000400101_NR_00.jpg
1105010200101,一滴淨蘆薈多酚食品用洗潔精補充包-檸檬精油800g,家庭清潔與紙品,洗碗精,800g克 x 1 x 1PACK包,128,https://online.uni-prosperity.com.tw/zh/%E6%A5%93%E5%BA%B7/1105010200101.html,https://online.uni-prosperity.com.tw/on/demandware.static/-/Sites-uniprosperity-tw-m-inner/default/dw6e826caa/images/large/0270259.jpeg
1105006100101,白蘭新動力配方洗碗精-活力鮮柚1kg,家庭清潔與紙品,洗碗精,1000g克 x 1 x 1Bottle瓶,75,https://online.uni-prosperity.com.tw/zh/%E7%99%BD%E8%98%AD/1105006100101.html,https://online.uni-prosperity.com.tw/on/demandware.static/-/Sites-uniprosperity-tw-m-inner/default/dw31ef00df/images/large/0272741_1kg.jpeg
1105003100101,毛寶小蘇打洗碗精-無香精1000g,家庭清潔與紙品,洗碗精,1000g克 x 1 x 1Bottle瓶,89,https://online.uni-prosperity.com.tw/zh/%E6%AF%9B%E5%AF%B6/1105003100101.html,https://online.uni-prosperity.com.tw/on/demandware.static/-/Sites-uniprosperity-tw-m-inner/default/dw912cf120/images/large/0264668.jpeg
1105001100112,[箱購]沙拉脫800ml毫升x12瓶/箱(箱購依實際收貨為主，無法保證原封箱出貨),家庭清潔與紙品,洗碗精,800ml毫升 x 1 x 12Bottle瓶,1068,https://online.uni-prosperity.com.tw/zh/1105001100112.html,https://online.uni-prosperity.com.tw/on/demandware.static/-/Sites-uniprosperity-tw-m-inner/default/dw68648511/images/large/0197108.jpeg
1105001000104,[箱購]毛寶洗碗精3000g克 x 4瓶/箱(箱購依實際收貨為主，無法保證原封箱出貨),家庭清潔與紙品,洗碗精,3000g克 x 1 x 4Bottle瓶,636,https://online.uni-prosperity.com.tw/zh/%E6%AF%9B%E5%AF%B6/1105001000104.html,https://online.uni-prosperity.com.tw/on/demandware.static/-/Sites-uniprosperity-tw-m-inner/default/dw0c7867ec/images/large/1105001000101.jpg
1105017900110,[箱購]Pril 淨麗小蘇打高效洗碗精補充包檸檬1000ml毫升 x 10瓶/箱(箱購依實際收貨為主，無法保證原封箱出貨),家庭清潔與紙品,洗碗精,1000ml毫升 x 1 x 10BOTTLE瓶,1390,https://online.uni-prosperity.com.tw/zh/pril%E6%B7%A8%E9%BA%97/1105017900110.html,https://online.uni-prosperity.com.tw/on/demandware.static/-/Sites-uniprosperity-tw-m-inner/default/dw74837666/images/large/0276525_ril-.jpeg
1105020000112,[箱購]OP茶酚淨洗潔精補充包-檸檬茶萃800g克 x 12包/箱(箱購依實際收貨為主，無法保證原封箱出貨),家庭清潔與紙品,洗碗精,800g克 x 1 x 12PC包,1308,https://online.uni-prosperity.com.tw/zh/op/1105020000112.html,https://online.uni-prosperity.com.tw/on/demandware.static/-/Sites-uniprosperity-tw-m-inner/default/dw54a9c7b8/images/large/1105020000101_NR_00.jpg
1210503100101,Ora2 Me淨白清新漱口水清爽薄荷香-460ml,個人清潔與護理,口腔清潔用品,460ml毫升 x 1 x 1Bottle瓶,179,https://online.uni-prosperity.com.tw/zh/ora2/1210503100101.html,https://online.uni-prosperity.com.tw/on/demandware.static/-/Sites-uniprosperity-tw-m-inner/default/dwdc1b70c2/images/large/0244532_ora2-me.jpeg
1210306000105,刷樂臼齒專研牙刷,個人清潔與護理,口腔清潔用品,1PC支 x 1 x 5PC支,99,https://online.uni-prosperity.com.tw/zh/%E5%88%B7%E6%A8%82/1210306000105.html,https://online.uni-prosperity.com.tw/on/demandware.static/-/Sites-uniprosperity-tw-m-inner/default/dw0eea4aff/images/large/1210306000105_NR_00.jpg
1210393500101,刷樂寬薄舒齦牙刷2支入,個人清潔與護理,口腔清潔用品,1PC支 x 2 x 1SET組,99,https://online.uni-prosperity.com.tw/zh/%E5%88%B7%E6%A8%82/1210393500101.html,https://online.uni-prosperity.com.tw/on/demandware.static/-/Sites-uniprosperity-tw-m-inner/default/dw6a6f6817/images/large/1210393500101.jpg
1210311200106,好來經典纖柔牙刷,個人清潔與護理,口腔清潔用品,1PC支 x 1 x 6PC支,79,https://online.uni-prosperity.com.tw/zh/darlie-%E5%A5%BD%E4%BE%86/1210311200106.html,https://online.uni-prosperity.com.tw/on/demandware.static/-/Sites-uniprosperity-tw-m-inner/default/dwf2fa9e81/images/large/1210311200106_NR_01.jpg
1210316400103,刷樂纖柔潔白牙刷,個人清潔與護理,口腔清潔用品,3PC支 x 1 x 3Pack包,125,https://online.uni-prosperity.com.tw/zh/%E5%88%B7%E6%A8%82/1210316400103.html,https://online.uni-prosperity.com.tw/on/demandware.static/-/Sites-uniprosperity-tw-m-inner/default/dw74c5f920/images/large/1210316400103_NR_00.jpg
1210303000104,刷樂醫生牙刷,個人清潔與護理,口腔清潔用品,1PC支 x 1 x 4PC支,79,https://online.uni-prosperity.com.tw/zh/%E5%88%B7%E6%A8%82/1210303000104.html,https://online.uni-prosperity.com.tw/on/demandware.static/-/Sites-uniprosperity-tw-m-inner/default/dw8738d8f9/images/large/1210303000104_NR_00.jpg
1210308900103,高露潔纖柔備長炭牙刷,個人清潔與護理,口腔清潔用品,1PC支 x 1 x 3PC支,99,https://online.uni-prosperity.com.tw/zh/colgate-%E9%AB%98%E9%9C%B2%E6%BD%94/1210308900103.html,https://online.uni-prosperity.com.tw/on/demandware.static/-/Sites-uniprosperity-tw-m-inner/default/dwa409df24/images/large/1210308900103_NR_00.png
1210000800101,黑人專業亮白牙膏120g,個人清潔與護理,口腔清潔用品,120g克 x 1 x 1PC支,138,https://online.uni-prosperity.com.tw/zh/darlie-%E5%A5%BD%E4%BE%86/1210000800101.html,https://online.uni-prosperity.com.tw/on/demandware.static/-/Sites-uniprosperity-tw-m-inner/default/dw0c0bee7a/images/large/1210000800101_NR_00.jpg
1210004900101,Ora2 Me淨白無瑕牙膏蜜桃薄荷香,個人清潔與護理,口腔清潔用品,130g克 x 1 x 1PC支,109,https://online.uni-prosperity.com.tw/zh/ora2/1210004900101.html,https://online.uni-prosperity.com.tw/on/demandware.static/-/Sites-uniprosperity-tw-m-inner/default/dwb0c6ac6a/images/large/0198176_ora2-me.jpeg
1210201000101,高露潔抗敏感牙齦護理牙膏,個人清潔與護理,口腔清潔用品,120g克 x 1 x 1PC支,168,https://online.uni-prosperity.com.tw/zh/colgate-%E9%AB%98%E9%9C%B2%E6%BD%94/1210201000101.html,https://online.uni-prosperity.com.tw/on/demandware.static/-/Sites-uniprosperity-tw-m-inner/default/dwdb52b465/images/large/1210201000101_NR_00.jpg
1210503600101,Ora2 Me清新漱口水蜜桃-460ml,個人清潔與護理,口腔清潔用品,460ml毫升 x 1 x 1BOTTLE瓶,179,https://online.uni-prosperity.com.tw/zh/ora2/1210503600101.html,https://online.uni-prosperity.com.tw/on/demandware.static/-/Sites-uniprosperity-tw-m-inner/default/dwd1a77945/images/large/0244500_ora2-me.jpeg
1210605400201,Ora²me淨澈氣息口香噴劑-香甜蜜桃-6ml,個人清潔與護理,口腔清潔用品,6ml毫升 x 1 x 1PC支,92,https://online.uni-prosperity.com.tw/zh/ora2/1210605400201.html,https://online.uni-prosperity.com.tw/on/demandware.static/-/Sites-uniprosperity-tw-m-inner/default/dw6b452caf/images/large/0257471_ora2-me.jpeg
1210508600101,牙周適高效牙齦護理漱口水溫和薄荷,個人清潔與護理,口腔清潔用品,500ml毫升 x 1 x 1PC瓶,199,https://online.uni-prosperity.com.tw/zh/%E7%89%99%E5%91%A8%E9%81%A9/1210508600101.html,https://online.uni-prosperity.com.tw/on/demandware.static/-/Sites-uniprosperity-tw-m-inner/default/dw64c7b535/images/large/1210508600101_NR_00.jpg
1210105100101,刷樂兒童含氟牙膏_青蘋果口味,個人清潔與護理,口腔清潔用品,90g克 x 1 x 1PC條,75,https://online.uni-prosperity.com.tw/zh/%E5%88%B7%E6%A8%82/1210105100101.html,https://online.uni-prosperity.com.tw/on/demandware.static/-/Sites-uniprosperity-tw-m-inner/default/dw3b26fff2/images/large/1210105100101_NR_00.jpg
1201129100101,美琪抗菌沐浴乳680ml(茶樹),個人清潔與護理,沐浴用品,680ml毫升 x 1 x 1PC瓶,149,https://online.uni-prosperity.com.tw/zh/%E7%BE%8E%E7%90%AA/1201129100101.html,https://online.uni-prosperity.com.tw/on/demandware.static/-/Sites-uniprosperity-tw-m-inner/default/dw92e28720/images/large/0162005.jpeg
1201115100101,雪芙蘭美肌SPA玫瑰嫩白補充包,個人清潔與護理,沐浴用品,700g克 x 1 x 1Pack包,71,https://online.uni-prosperity.com.tw/zh/%E9%9B%AA%E8%8A%99%E8%98%AD/1201115100101.html,https://online.uni-prosperity.com.tw/on/demandware.static/-/Sites-uniprosperity-tw-m-inner/default/dwfdb21120/images/large/0007222_sa.jpeg
1201400400101,我的心機去皮嫩膚黑足膜,個人清潔與護理,沐浴用品,30ml毫升 x 1 x 1PC個,199,https://online.uni-prosperity.com.tw/zh/%E6%88%91%E7%9A%84%E5%BF%83%E6%A9%9F/1201400400101.html,https://online.uni-prosperity.com.tw/on/demandware.static/-/Sites-uniprosperity-tw-m-inner/default/dw28447920/images/large/1201400400101_NR_00.jpg
1201120400101,水平衡香水沐浴乳-繽紛馬卡龍-900g,個人清潔與護理,沐浴用品,900g克 x 1 x 1BOTTLE瓶,149,https://online.uni-prosperity.com.tw/zh/%E6%B0%B4%E5%B9%B3%E8%A1%A1/1201120400101.html,https://online.uni-prosperity.com.tw/on/demandware.static/-/Sites-uniprosperity-tw-m-inner/default/dwfa924802/images/large/0099751_-.jpeg
1201100400101,牛乳精華沐浴乳補充包-玫瑰花香型,個人清潔與護理,沐浴用品,360ml毫升 x 1 x 1PC包,99,https://online.uni-prosperity.com.tw/zh/%E7%89%9B%E4%B9%B3%E7%9F%B3%E9%B9%BC/1201100400101.html,https://online.uni-prosperity.com.tw/on/demandware.static/-/Sites-uniprosperity-tw-m-inner/default/dw396b8ad1/images/large/1201100400101_NR_00.png
1201125600101,多芬清爽柔膚沐浴露桃悅水透補充包,個人清潔與護理,沐浴用品,580g克 x 1 x 1PC包,130,https://online.uni-prosperity.com.tw/zh/dove-%E5%A4%9A%E8%8A%AC/1201125600101.html,https://online.uni-prosperity.com.tw/on/demandware.static/-/Sites-uniprosperity-tw-m-inner/default/dw8da5d59a/images/large/1201125600101_NR_01.png
1201133000101,牛乳石鹼美肌滋潤沐浴乳補充包(愉悅花香型),個人清潔與護理,沐浴用品,360ml毫升 x 1 x 1PACK包,97,https://online.uni-prosperity.com.tw/zh/%E7%89%9B%E4%B9%B3%E7%9F%B3%E9%B9%BC/1201133000101.html,https://online.uni-prosperity.com.tw/on/demandware.static/-/Sites-uniprosperity-tw-m-inner/default/dwe2ee8f41/images/large/1201133000101.jpg
1201106300101,Biore淨嫩沐浴乳英國梨與杏桃花補充包,個人清潔與護理,沐浴用品,700g克 x 1 x 1Bag包,99,https://online.uni-prosperity.com.tw/zh/biore/1201106300101.html,https://online.uni-prosperity.com.tw/on/demandware.static/-/Sites-uniprosperity-tw-m-inner/default/dwc8b668f5/images/large/1201106300101_NR_00.jpg
1201143900101,DrsFormula岩礦清爽肌沐浴乳-琥珀魅香,個人清潔與護理,沐浴用品,800g克 x 1 x 1BOTTLE瓶,239,https://online.uni-prosperity.com.tw/zh/dr%27s-formula/1201143900101.html,https://online.uni-prosperity.com.tw/on/demandware.static/-/Sites-uniprosperity-tw-m-inner/default/dw7bb7f46b/images/large/1201143900101_NR_00.jpg
1201139300101,Farcent香水精油胺基酸沐浴露-沉靜麝香,個人清潔與護理,沐浴用品,780g克 x 1 x 1BOTTLE瓶,199,https://online.uni-prosperity.com.tw/zh/%E8%8A%B1%E4%BB%99%E5%AD%90/1201139300101.html,https://online.uni-prosperity.com.tw/on/demandware.static/-/Sites-uniprosperity-tw-m-inner/default/dw05fc57b8/images/large/1201139300101_NR_00.jpg
6515012500101,超細纖維乾髮帽(顏色隨機出貨),個人清潔與護理,沐浴用品,1PC條 x 1 x 1PC條,69,https://online.uni-prosperity.com.tw/zh/6515012500101.html,https://online.uni-prosperity.com.tw/on/demandware.static/-/Sites-uniprosperity-tw-m-inner/default/dwf1c0a5e4/images/large/6515012500101_NR_00.jpg
1201100500101,澎澎元氣炭控油沐浴乳補充包700g,個人清潔與護理,沐浴用品,700g克 x 1 x 1Pack包,109,https://online.uni-prosperity.com.tw/zh/pon-pon-%E6%BE%8E%E6%BE%8E/1201100500101.html,https://online.uni-prosperity.com.tw/on/demandware.static/-/Sites-uniprosperity-tw-m-inner/default/dw5f6effc7/images/large/0273019.jpeg
1201021300101,美琪抗菌皂白麝香6入裝,個人清潔與護理,沐浴用品,100g克 x 6 x 1SET組,139,https://online.uni-prosperity.com.tw/zh/%E7%BE%8E%E7%90%AA/1201021300101.html,https://online.uni-prosperity.com.tw/on/demandware.static/-/Sites-uniprosperity-tw-m-inner/default/dw75394f8c/images/large/0162024_6.jpeg
1201001300101,綠的潔手乳220mlx2,個人清潔與護理,沐浴用品,220ml毫升 x 2 x 1Bottle瓶,99,https://online.uni-prosperity.com.tw/zh/%E7%B6%A0%E7%9A%84/1201001300101.html,https://online.uni-prosperity.com.tw/on/demandware.static/-/Sites-uniprosperity-tw-m-inner/default/dw6c002771/images/large/1201001300101_NR_00.jpg
1200204900101,呂 全方位頭皮養護潤髮乳-染燙受損,個人清潔與護理,洗護造型,480ml毫升 x 1 x 1PC瓶,324,https://online.uni-prosperity.com.tw/zh/ryo/1200204900101.html,https://online.uni-prosperity.com.tw/on/demandware.static/-/Sites-uniprosperity-tw-m-inner/default/dwe6d4ac6a/images/large/1200204900101_NR_00.jpg
1200314900112,[箱購] 潘婷PRO-V高濃保濕髮膜-密集修護型12ml毫升 x 8 x 12BOX盒(箱購依實際收貨為主，無法保證原封箱出貨),個人清潔與護理,洗護造型,12ml毫升 x 8 x 12BOX盒,3612,https://online.uni-prosperity.com.tw/zh/pantene%E6%BD%98%E5%A9%B7/1200314900112.html,https://online.uni-prosperity.com.tw/on/demandware.static/-/Sites-uniprosperity-tw-m-inner/default/dwe949542c/images/large/1200314900101_NR_01.jpg
1200001600101,566洗潤雙效洗髮乳800g,個人清潔與護理,洗護造型,800g克 x 1 x 1Bottle瓶,115,https://online.uni-prosperity.com.tw/zh/566/1200001600101.html,https://online.uni-prosperity.com.tw/on/demandware.static/-/Sites-uniprosperity-tw-m-inner/default/dwdfa4cad5/images/large/1200001600101_NR_00.jpg
1200009500101,澎澎MAN控油蓬鬆麝香瑪卡洗髮露,個人清潔與護理,洗護造型,650g克 x 1 x 1PC瓶,152,https://online.uni-prosperity.com.tw/zh/pon-pon-%E6%BE%8E%E6%BE%8E/1200009500101.html,https://online.uni-prosperity.com.tw/on/demandware.static/-/Sites-uniprosperity-tw-m-inner/default/dwbd1a526c/images/large/1200009500101.jpg
1200204700101,麗仕柔亮修護潤髮乳,個人清潔與護理,洗護造型,650g克 x 1 x 1PC瓶,189,https://online.uni-prosperity.com.tw/zh/lux%E9%BA%97%E4%BB%95/1200204700101.html,https://online.uni-prosperity.com.tw/on/demandware.static/-/Sites-uniprosperity-tw-m-inner/default/dw27a30d45/images/large/1200204700101_NR_01.jpg
1200016600101,美吾髮琥珀檀香清新涼感洗髮露,個人清潔與護理,洗護造型,700ml毫升 x 1 x 1PC瓶,139,https://online.uni-prosperity.com.tw/zh/1200016600101.html,https://online.uni-prosperity.com.tw/on/demandware.static/-/Sites-uniprosperity-tw-m-inner/default/dw8676224c/images/large/1200016600101_NR_00.jpg
1200038100101,曼秀雷敦健髮去油洗髮精550ml,個人清潔與護理,洗護造型,550ml毫升 x 1 x 1Bottle瓶,156,https://online.uni-prosperity.com.tw/zh/%E6%9B%BC%E7%A7%80%E9%9B%B7%E6%95%A6/1200038100101.html,https://online.uni-prosperity.com.tw/on/demandware.static/-/Sites-uniprosperity-tw-m-inner/default/dw9b3540a7/images/large/1200038100101_NR_00.jpg
1200391100101,巴黎萊雅金緻護髮玫瑰精油,個人清潔與護理,洗護造型,100ml毫升 x 1 x 1Bottle瓶,499,https://online.uni-prosperity.com.tw/zh/l%27or%C3%A9al-paris-%E5%B7%B4%E9%BB%8E%E8%90%8A%E9%9B%85/1200391100101.html,https://online.uni-prosperity.com.tw/on/demandware.static/-/Sites-uniprosperity-tw-m-inner/default/dw375514c0/images/large/1200391100101_NR_00.jpg
1200422000101,沙宣隨性定型噴霧200ml,個人清潔與護理,洗護造型,200ml毫升 x 1 x 1PC瓶,299,https://online.uni-prosperity.com.tw/zh/vs/1200422000101.html,https://online.uni-prosperity.com.tw/on/demandware.static/-/Sites-uniprosperity-tw-m-inner/default/dw52147e9f/images/large/1200422000101_NR_01.jpg
1200312700101,呂 滋養韌髮瞬護髮膜_清爽型,個人清潔與護理,洗護造型,200ml毫升 x 1 x 1PC瓶,279,https://online.uni-prosperity.com.tw/zh/%E5%91%82/1200312700101.html,https://online.uni-prosperity.com.tw/on/demandware.static/-/Sites-uniprosperity-tw-m-inner/default/dw26725d54/images/large/1200312700101_NR_00.png
1200042500101,曼秀雷敦頭皮去味洗髮精-550ml,個人清潔與護理,洗護造型,550ml毫升 x 1 x 1PC瓶,165,https://online.uni-prosperity.com.tw/zh/%E6%9B%BC%E7%A7%80%E9%9B%B7%E6%95%A6/1200042500101.html,https://online.uni-prosperity.com.tw/on/demandware.static/-/Sites-uniprosperity-tw-m-inner/default/dw9ff875d8/images/large/0242513.jpeg
1200099800101,潘婷絲質順滑洗髮露650G,個人清潔與護理,洗護造型,650g克 x 1 x 1BOTTLE瓶,199,https://online.uni-prosperity.com.tw/zh/1200099800101.html,https://online.uni-prosperity.com.tw/on/demandware.static/-/Sites-uniprosperity-tw-m-inner/default/dw3f50b33b/images/large/1200099800101_NR_00.jpg
1200053300101,麗仕花漾調香系列洗髮精-法式玫瑰香氛,個人清潔與護理,洗護造型,470g克 x 1 x 1PC瓶,295,https://online.uni-prosperity.com.tw/zh/lux%E9%BA%97%E4%BB%95/1200053300101.html,https://online.uni-prosperity.com.tw/on/demandware.static/-/Sites-uniprosperity-tw-m-inner/default/dw7d3440da/images/large/1200053300101_NR_01.jpg
1200104100101, MENS Biore 男性專用調理控油洗髮精,個人清潔與護理,洗護造型,750ml毫升 x 1 x 1Bottle瓶,159,https://online.uni-prosperity.com.tw/zh/men%27s-biore/1200104100101.html,https://online.uni-prosperity.com.tw/on/demandware.static/-/Sites-uniprosperity-tw-m-inner/default/dw11f5b9f2/images/large/1200104100101_NR_00.jpg
